Entity,Code,Year, (% of people living with HIV)
Albania,ALB,2000,0.0
Albania,ALB,2001,0.0
Albania,ALB,2002,0.0
Albania,ALB,2003,0.0
Albania,ALB,2004,4.0
Albania,ALB,2005,8.0
Albania,ALB,2006,9.0
Albania,ALB,2007,10.0
Albania,ALB,2008,14.0
Albania,ALB,2009,16.0
Albania,ALB,2010,16.0
Albania,ALB,2011,20.0
Albania,ALB,2012,24.0
Albania,ALB,2013,31.0
Albania,ALB,2014,33.0
Albania,ALB,2015,36.0
Algeria,DZA,2000,7.0
Algeria,DZA,2001,9.0
Algeria,DZA,2002,9.0
Algeria,DZA,2003,10.0
Algeria,DZA,2004,12.0
Algeria,DZA,2005,14.0
Algeria,DZA,2006,18.0
Algeria,DZA,2007,19.0
Algeria,DZA,2008,19.0
Algeria,DZA,2009,23.0
Algeria,DZA,2010,31.0
Algeria,DZA,2011,33.0
Algeria,DZA,2012,38.0
Algeria,DZA,2013,48.0
Algeria,DZA,2014,57.0
Algeria,DZA,2015,66.0
Angola,AGO,2000,0.0
Angola,AGO,2001,0.0
Angola,AGO,2002,0.0
Angola,AGO,2003,0.0
Angola,AGO,2004,0.0
Angola,AGO,2005,0.0
Angola,AGO,2006,3.0
Angola,AGO,2007,4.0
Angola,AGO,2008,6.0
Angola,AGO,2009,8.0
Angola,AGO,2010,10.0
Angola,AGO,2011,12.0
Angola,AGO,2012,13.0
Angola,AGO,2013,19.0
Angola,AGO,2014,23.0
Angola,AGO,2015,25.0
Argentina,ARG,2000,24.0
Argentina,ARG,2001,28.0
Argentina,ARG,2002,31.0
Argentina,ARG,2003,34.0
Argentina,ARG,2004,37.0
Argentina,ARG,2005,38.0
Argentina,ARG,2006,41.0
Argentina,ARG,2007,45.0
Argentina,ARG,2008,47.0
Argentina,ARG,2009,49.0
Argentina,ARG,2010,52.0
Argentina,ARG,2011,54.0
Argentina,ARG,2012,56.0
Argentina,ARG,2013,59.0
Argentina,ARG,2014,61.0
Argentina,ARG,2015,63.0
Armenia,ARM,2000,0.0
Armenia,ARM,2001,0.0
Armenia,ARM,2002,0.0
Armenia,ARM,2003,0.0
Armenia,ARM,2004,0.0
Armenia,ARM,2005,1.0
Armenia,ARM,2006,1.0
Armenia,ARM,2007,2.0
Armenia,ARM,2008,3.0
Armenia,ARM,2009,5.0
Armenia,ARM,2010,7.0
Armenia,ARM,2011,9.0
Armenia,ARM,2012,13.0
Armenia,ARM,2013,17.0
Armenia,ARM,2014,21.0
Armenia,ARM,2015,27.0
Australia,AUS,2000,48.0
Australia,AUS,2001,50.0
Australia,AUS,2002,48.0
Australia,AUS,2003,49.0
Australia,AUS,2004,49.0
Australia,AUS,2005,53.0
Australia,AUS,2006,57.0
Australia,AUS,2007,57.0
Australia,AUS,2008,56.0
Australia,AUS,2009,58.0
Australia,AUS,2010,63.0
Australia,AUS,2011,62.0
Australia,AUS,2012,68.0
Australia,AUS,2013,73.0
Australia,AUS,2014,76.0
Australia,AUS,2015,79.0
Austria,AUT,2000,29.0
Austria,AUT,2001,32.0
Austria,AUT,2002,48.0
Austria,AUT,2003,48.0
Austria,AUT,2004,46.0
Austria,AUT,2005,51.0
Austria,AUT,2006,56.0
Austria,AUT,2007,60.0
Austria,AUT,2008,62.0
Austria,AUT,2009,63.0
Austria,AUT,2010,64.0
Austria,AUT,2011,67.0
Austria,AUT,2012,70.0
Austria,AUT,2013,74.0
Austria,AUT,2014,77.0
Austria,AUT,2015,78.0
Azerbaijan,AZE,2000,0.0
Azerbaijan,AZE,2001,0.0
Azerbaijan,AZE,2002,0.0
Azerbaijan,AZE,2003,0.0
Azerbaijan,AZE,2004,0.0
Azerbaijan,AZE,2005,0.0
Azerbaijan,AZE,2006,0.0
Azerbaijan,AZE,2007,2.0
Azerbaijan,AZE,2008,4.0
Azerbaijan,AZE,2009,6.0
Azerbaijan,AZE,2010,10.0
Azerbaijan,AZE,2011,16.0
Azerbaijan,AZE,2012,20.0
Azerbaijan,AZE,2013,27.0
Azerbaijan,AZE,2014,26.0
Azerbaijan,AZE,2015,33.0
Bahamas,BHS,2000,1.0
Bahamas,BHS,2001,2.0
Bahamas,BHS,2002,2.0
Bahamas,BHS,2003,14.0
Bahamas,BHS,2004,17.0
Bahamas,BHS,2005,20.0
Bahamas,BHS,2006,25.0
Bahamas,BHS,2007,25.0
Bahamas,BHS,2008,29.0
Bahamas,BHS,2009,33.0
Bahamas,BHS,2010,24.0
Bahamas,BHS,2011,24.0
Bahamas,BHS,2012,29.0
Bahamas,BHS,2013,35.0
Bahamas,BHS,2014,42.0
Bahamas,BHS,2015,42.0
Bahrain,BHR,2000,10.0
Bahrain,BHR,2001,11.0
Bahrain,BHR,2002,16.0
Bahrain,BHR,2003,13.0
Bahrain,BHR,2004,13.0
Bahrain,BHR,2005,15.0
Bahrain,BHR,2006,17.0
Bahrain,BHR,2007,20.0
Bahrain,BHR,2008,20.0
Bahrain,BHR,2009,25.0
Bahrain,BHR,2010,27.0
Bahrain,BHR,2011,29.0
Bahrain,BHR,2012,31.0
Bahrain,BHR,2013,33.0
Bahrain,BHR,2014,36.0
Bahrain,BHR,2015,41.0
Bangladesh,BGD,2000,0.0
Bangladesh,BGD,2001,0.0
Bangladesh,BGD,2002,0.0
Bangladesh,BGD,2003,0.0
Bangladesh,BGD,2004,0.0
Bangladesh,BGD,2005,0.0
Bangladesh,BGD,2006,1.0
Bangladesh,BGD,2007,1.0
Bangladesh,BGD,2008,2.0
Bangladesh,BGD,2009,4.0
Bangladesh,BGD,2010,4.0
Bangladesh,BGD,2011,6.0
Bangladesh,BGD,2012,7.0
Bangladesh,BGD,2013,9.0
Bangladesh,BGD,2014,11.0
Bangladesh,BGD,2015,12.0
Barbados,BRB,2000,0.0
Barbados,BRB,2001,1.0
Barbados,BRB,2002,6.0
Barbados,BRB,2003,34.0
Barbados,BRB,2004,38.0
Barbados,BRB,2005,38.0
Barbados,BRB,2006,38.0
Barbados,BRB,2007,38.0
Barbados,BRB,2008,40.0
Barbados,BRB,2009,41.0
Barbados,BRB,2010,43.0
Barbados,BRB,2011,43.0
Barbados,BRB,2012,45.0
Barbados,BRB,2013,45.0
Barbados,BRB,2014,44.0
Barbados,BRB,2015,44.0
Belarus,BLR,2000,0.0
Belarus,BLR,2001,0.0
Belarus,BLR,2002,0.0
Belarus,BLR,2003,1.0
Belarus,BLR,2004,3.0
Belarus,BLR,2005,5.0
Belarus,BLR,2006,14.0
Belarus,BLR,2007,16.0
Belarus,BLR,2008,19.0
Belarus,BLR,2009,22.0
Belarus,BLR,2010,27.0
Belarus,BLR,2011,28.0
Belarus,BLR,2012,31.0
Belarus,BLR,2013,33.0
Belarus,BLR,2014,33.0
Belarus,BLR,2015,36.0
Belize,BLZ,2000,1.0
Belize,BLZ,2001,1.0
Belize,BLZ,2002,3.0
Belize,BLZ,2003,8.0
Belize,BLZ,2004,7.0
Belize,BLZ,2005,12.0
Belize,BLZ,2006,14.0
Belize,BLZ,2007,15.0
Belize,BLZ,2008,18.0
Belize,BLZ,2009,23.0
Belize,BLZ,2010,25.0
Belize,BLZ,2011,26.0
Belize,BLZ,2012,27.0
Belize,BLZ,2013,28.0
Belize,BLZ,2014,29.0
Belize,BLZ,2015,30.0
Benin,BEN,2000,0.0
Benin,BEN,2001,0.0
Benin,BEN,2002,0.0
Benin,BEN,2003,0.0
Benin,BEN,2004,0.0
Benin,BEN,2005,0.0
Benin,BEN,2006,0.0
Benin,BEN,2007,0.0
Benin,BEN,2008,21.0
Benin,BEN,2009,27.0
Benin,BEN,2010,33.0
Benin,BEN,2011,41.0
Benin,BEN,2012,44.0
Benin,BEN,2013,38.0
Benin,BEN,2014,43.0
Benin,BEN,2015,50.0
Bolivia,BOL,2000,0.0
Bolivia,BOL,2001,0.0
Bolivia,BOL,2002,1.0
Bolivia,BOL,2003,1.0
Bolivia,BOL,2004,1.0
Bolivia,BOL,2005,2.0
Bolivia,BOL,2006,3.0
Bolivia,BOL,2007,3.0
Bolivia,BOL,2008,4.0
Bolivia,BOL,2009,7.0
Bolivia,BOL,2010,7.0
Bolivia,BOL,2011,7.0
Bolivia,BOL,2012,13.0
Bolivia,BOL,2013,16.0
Bolivia,BOL,2014,20.0
Bolivia,BOL,2015,27.0
Botswana,BWA,2000,0.0
Botswana,BWA,2001,1.0
Botswana,BWA,2002,2.0
Botswana,BWA,2003,6.0
Botswana,BWA,2004,12.0
Botswana,BWA,2005,19.0
Botswana,BWA,2006,25.0
Botswana,BWA,2007,30.0
Botswana,BWA,2008,37.0
Botswana,BWA,2009,44.0
Botswana,BWA,2010,50.0
Botswana,BWA,2011,54.0
Botswana,BWA,2012,61.0
Botswana,BWA,2013,65.0
Botswana,BWA,2014,69.0
Botswana,BWA,2015,76.0
Brazil,BRA,2000,27.0
Brazil,BRA,2001,30.0
Brazil,BRA,2002,31.0
Brazil,BRA,2003,32.0
Brazil,BRA,2004,34.0
Brazil,BRA,2005,35.0
Brazil,BRA,2006,33.0
Brazil,BRA,2007,33.0
Brazil,BRA,2008,33.0
Brazil,BRA,2009,35.0
Brazil,BRA,2010,38.0
Brazil,BRA,2011,40.0
Brazil,BRA,2012,43.0
Brazil,BRA,2013,47.0
Brazil,BRA,2014,51.0
Brazil,BRA,2015,57.0
Bulgaria,BGR,2000,18.0
Bulgaria,BGR,2001,21.0
Bulgaria,BGR,2002,20.0
Bulgaria,BGR,2003,24.0
Bulgaria,BGR,2004,24.0
Bulgaria,BGR,2005,23.0
Bulgaria,BGR,2006,22.0
Bulgaria,BGR,2007,21.0
Bulgaria,BGR,2008,20.0
Bulgaria,BGR,2009,23.0
Bulgaria,BGR,2010,24.0
Bulgaria,BGR,2011,25.0
Bulgaria,BGR,2012,27.0
Bulgaria,BGR,2013,29.0
Bulgaria,BGR,2014,30.0
Bulgaria,BGR,2015,33.0
Burkina Faso,BFA,2000,0.0
Burkina Faso,BFA,2001,0.0
Burkina Faso,BFA,2002,0.0
Burkina Faso,BFA,2003,1.0
Burkina Faso,BFA,2004,3.0
Burkina Faso,BFA,2005,7.0
Burkina Faso,BFA,2006,11.0
Burkina Faso,BFA,2007,14.0
Burkina Faso,BFA,2008,20.0
Burkina Faso,BFA,2009,26.0
Burkina Faso,BFA,2010,32.0
Burkina Faso,BFA,2011,37.0
Burkina Faso,BFA,2012,40.0
Burkina Faso,BFA,2013,44.0
Burkina Faso,BFA,2014,49.0
Burkina Faso,BFA,2015,56.0
Burundi,BDI,2000,0.0
Burundi,BDI,2001,1.0
Burundi,BDI,2002,1.0
Burundi,BDI,2003,1.0
Burundi,BDI,2004,4.0
Burundi,BDI,2005,6.0
Burundi,BDI,2006,8.0
Burundi,BDI,2007,12.0
Burundi,BDI,2008,16.0
Burundi,BDI,2009,21.0
Burundi,BDI,2010,28.0
Burundi,BDI,2011,33.0
Burundi,BDI,2012,37.0
Burundi,BDI,2013,42.0
Burundi,BDI,2014,48.0
Burundi,BDI,2015,55.0
Cambodia,KHM,2000,0.0
Cambodia,KHM,2001,0.0
Cambodia,KHM,2002,0.0
Cambodia,KHM,2003,2.0
Cambodia,KHM,2004,7.0
Cambodia,KHM,2005,14.0
Cambodia,KHM,2006,24.0
Cambodia,KHM,2007,33.0
Cambodia,KHM,2008,40.0
Cambodia,KHM,2009,47.0
Cambodia,KHM,2010,55.0
Cambodia,KHM,2011,60.0
Cambodia,KHM,2012,65.0
Cambodia,KHM,2013,69.0
Cambodia,KHM,2014,74.0
Cambodia,KHM,2015,78.0
Cameroon,CMR,2000,0.0
Cameroon,CMR,2001,0.0
Cameroon,CMR,2002,0.0
Cameroon,CMR,2003,0.0
Cameroon,CMR,2004,3.0
Cameroon,CMR,2005,5.0
Cameroon,CMR,2006,6.0
Cameroon,CMR,2007,9.0
Cameroon,CMR,2008,12.0
Cameroon,CMR,2009,15.0
Cameroon,CMR,2010,17.0
Cameroon,CMR,2011,20.0
Cameroon,CMR,2012,23.0
Cameroon,CMR,2013,25.0
Cameroon,CMR,2014,28.0
Cameroon,CMR,2015,33.0
Cape Verde,CPV,2000,0.0
Cape Verde,CPV,2001,0.0
Cape Verde,CPV,2002,0.0
Cape Verde,CPV,2003,0.0
Cape Verde,CPV,2004,0.0
Cape Verde,CPV,2005,6.0
Cape Verde,CPV,2006,10.0
Cape Verde,CPV,2007,14.0
Cape Verde,CPV,2008,19.0
Cape Verde,CPV,2009,21.0
Cape Verde,CPV,2010,26.0
Cape Verde,CPV,2011,31.0
Cape Verde,CPV,2012,38.0
Cape Verde,CPV,2013,44.0
Cape Verde,CPV,2014,53.0
Cape Verde,CPV,2015,58.0
Caribbean small states,,2000,0.115452931
Caribbean small states,,2001,0.34745762700000005
Caribbean small states,,2002,0.96797033
Caribbean small states,,2003,3.577975602
Caribbean small states,,2004,5.970491803
Caribbean small states,,2005,10.13687601
Caribbean small states,,2006,13.33440514
Caribbean small states,,2007,16.56803797
Caribbean small states,,2008,19.75273865
Caribbean small states,,2009,24.29573171
Caribbean small states,,2010,26.69230769
Caribbean small states,,2011,29.50597015
Caribbean small states,,2012,32.96755162
Caribbean small states,,2013,35.64181287
Caribbean small states,,2014,38.1030479
Caribbean small states,,2015,40.02298851
Central African Republic,CAF,2000,0.0
Central African Republic,CAF,2001,0.0
Central African Republic,CAF,2002,0.0
Central African Republic,CAF,2003,0.0
Central African Republic,CAF,2004,0.0
Central African Republic,CAF,2005,1.0
Central African Republic,CAF,2006,2.0
Central African Republic,CAF,2007,4.0
Central African Republic,CAF,2008,9.0
Central African Republic,CAF,2009,10.0
Central African Republic,CAF,2010,12.0
Central African Republic,CAF,2011,11.0
Central African Republic,CAF,2012,13.0
Central African Republic,CAF,2013,14.0
Central African Republic,CAF,2014,21.0
Central African Republic,CAF,2015,25.0
Chad,TCD,2000,0.0
Chad,TCD,2001,0.0
Chad,TCD,2002,0.0
Chad,TCD,2003,2.0
Chad,TCD,2004,0.0
Chad,TCD,2005,2.0
Chad,TCD,2006,5.0
Chad,TCD,2007,7.0
Chad,TCD,2008,18.0
Chad,TCD,2009,24.0
Chad,TCD,2010,30.0
Chad,TCD,2011,31.0
Chad,TCD,2012,34.0
Chad,TCD,2013,37.0
Chad,TCD,2014,44.0
Chad,TCD,2015,54.0
Chile,CHL,2000,46.0
Chile,CHL,2001,51.0
Chile,CHL,2002,55.0
Chile,CHL,2003,58.0
Chile,CHL,2004,61.0
Chile,CHL,2005,63.0
Chile,CHL,2006,65.0
Chile,CHL,2007,67.0
Chile,CHL,2008,67.0
Chile,CHL,2009,68.0
Chile,CHL,2010,67.0
Chile,CHL,2011,67.0
Chile,CHL,2012,65.0
Chile,CHL,2013,64.0
Chile,CHL,2014,63.0
Chile,CHL,2015,61.0
Colombia,COL,2000,0.0
Colombia,COL,2001,1.0
Colombia,COL,2002,2.0
Colombia,COL,2003,3.0
Colombia,COL,2004,4.0
Colombia,COL,2005,6.0
Colombia,COL,2006,10.0
Colombia,COL,2007,9.0
Colombia,COL,2008,9.0
Colombia,COL,2009,11.0
Colombia,COL,2010,16.0
Colombia,COL,2011,22.0
Colombia,COL,2012,26.0
Colombia,COL,2013,32.0
Colombia,COL,2014,37.0
Colombia,COL,2015,44.0
Comoros,COM,2000,0.0
Comoros,COM,2001,0.0
Comoros,COM,2002,0.0
Comoros,COM,2003,0.0
Comoros,COM,2004,0.0
Comoros,COM,2005,2.0
Comoros,COM,2006,3.0
Comoros,COM,2007,5.0
Comoros,COM,2008,6.0
Comoros,COM,2009,6.0
Comoros,COM,2010,8.0
Comoros,COM,2011,10.0
Comoros,COM,2012,13.0
Comoros,COM,2013,15.0
Comoros,COM,2014,16.0
Comoros,COM,2015,22.0
Congo,COG,2000,0.0
Congo,COG,2001,0.0
Congo,COG,2002,0.0
Congo,COG,2003,1.0
Congo,COG,2004,1.0
Congo,COG,2005,4.0
Congo,COG,2006,4.0
Congo,COG,2007,6.0
Congo,COG,2008,12.0
Congo,COG,2009,15.0
Congo,COG,2010,18.0
Congo,COG,2011,19.0
Congo,COG,2012,19.0
Congo,COG,2013,21.0
Congo,COG,2014,21.0
Congo,COG,2015,27.0
Costa Rica,CRI,2000,11.0
Costa Rica,CRI,2001,14.0
Costa Rica,CRI,2002,17.0
Costa Rica,CRI,2003,20.0
Costa Rica,CRI,2004,22.0
Costa Rica,CRI,2005,25.0
Costa Rica,CRI,2006,26.0
Costa Rica,CRI,2007,28.0
Costa Rica,CRI,2008,29.0
Costa Rica,CRI,2009,31.0
Costa Rica,CRI,2010,46.0
Costa Rica,CRI,2011,46.0
Costa Rica,CRI,2012,45.0
Costa Rica,CRI,2013,46.0
Costa Rica,CRI,2014,46.0
Costa Rica,CRI,2015,52.0
Cote d'Ivoire,CIV,2000,0.0
Cote d'Ivoire,CIV,2001,0.0
Cote d'Ivoire,CIV,2002,1.0
Cote d'Ivoire,CIV,2003,1.0
Cote d'Ivoire,CIV,2004,2.0
Cote d'Ivoire,CIV,2005,7.0
Cote d'Ivoire,CIV,2006,10.0
Cote d'Ivoire,CIV,2007,13.0
Cote d'Ivoire,CIV,2008,20.0
Cote d'Ivoire,CIV,2009,18.0
Cote d'Ivoire,CIV,2010,17.0
Cote d'Ivoire,CIV,2011,20.0
Cote d'Ivoire,CIV,2012,22.0
Cote d'Ivoire,CIV,2013,22.0
Cote d'Ivoire,CIV,2014,28.0
Cote d'Ivoire,CIV,2015,32.0
Cuba,CUB,2000,1.0
Cuba,CUB,2001,7.0
Cuba,CUB,2002,14.0
Cuba,CUB,2003,18.0
Cuba,CUB,2004,20.0
Cuba,CUB,2005,25.0
Cuba,CUB,2006,25.0
Cuba,CUB,2007,27.0
Cuba,CUB,2008,30.0
Cuba,CUB,2009,33.0
Cuba,CUB,2010,36.0
Cuba,CUB,2011,40.0
Cuba,CUB,2012,42.0
Cuba,CUB,2013,45.0
Cuba,CUB,2014,51.0
Cuba,CUB,2015,57.0
Cyprus,CYP,2000,27.0
Cyprus,CYP,2001,29.0
Cyprus,CYP,2002,31.0
Cyprus,CYP,2003,33.0
Cyprus,CYP,2004,35.0
Cyprus,CYP,2005,37.0
Cyprus,CYP,2006,39.0
Cyprus,CYP,2007,33.0
Cyprus,CYP,2008,33.0
Cyprus,CYP,2009,34.0
Cyprus,CYP,2010,35.0
Cyprus,CYP,2011,37.0
Cyprus,CYP,2012,39.0
Cyprus,CYP,2013,40.0
Cyprus,CYP,2014,40.0
Cyprus,CYP,2015,46.0
Czech Republic,CZE,2000,43.0
Czech Republic,CZE,2001,42.0
Czech Republic,CZE,2002,41.0
Czech Republic,CZE,2003,39.0
Czech Republic,CZE,2004,38.0
Czech Republic,CZE,2005,40.0
Czech Republic,CZE,2006,63.0
Czech Republic,CZE,2007,57.0
Czech Republic,CZE,2008,50.0
Czech Republic,CZE,2009,44.0
Czech Republic,CZE,2010,52.0
Czech Republic,CZE,2011,59.0
Czech Republic,CZE,2012,55.0
Czech Republic,CZE,2013,55.0
Czech Republic,CZE,2014,57.0
Czech Republic,CZE,2015,59.0
Democratic Republic of Congo,COD,2000,0.0
Democratic Republic of Congo,COD,2001,0.0
Democratic Republic of Congo,COD,2002,0.0
Democratic Republic of Congo,COD,2003,0.0
Democratic Republic of Congo,COD,2004,1.0
Democratic Republic of Congo,COD,2005,2.0
Democratic Republic of Congo,COD,2006,3.0
Democratic Republic of Congo,COD,2007,4.0
Democratic Republic of Congo,COD,2008,5.0
Democratic Republic of Congo,COD,2009,7.0
Democratic Republic of Congo,COD,2010,9.0
Democratic Republic of Congo,COD,2011,11.0
Democratic Republic of Congo,COD,2012,15.0
Democratic Republic of Congo,COD,2013,18.0
Democratic Republic of Congo,COD,2014,24.0
Democratic Republic of Congo,COD,2015,30.0
Denmark,DNK,2000,42.0
Denmark,DNK,2001,43.0
Denmark,DNK,2002,44.0
Denmark,DNK,2003,46.0
Denmark,DNK,2004,47.0
Denmark,DNK,2005,48.0
Denmark,DNK,2006,50.0
Denmark,DNK,2007,51.0
Denmark,DNK,2008,55.0
Denmark,DNK,2009,59.0
Denmark,DNK,2010,63.0
Denmark,DNK,2011,67.0
Denmark,DNK,2012,70.0
Denmark,DNK,2013,71.0
Denmark,DNK,2014,76.0
Denmark,DNK,2015,80.0
Djibouti,DJI,2000,0.0
Djibouti,DJI,2001,0.0
Djibouti,DJI,2002,0.0
Djibouti,DJI,2003,1.0
Djibouti,DJI,2004,1.0
Djibouti,DJI,2005,2.0
Djibouti,DJI,2006,4.0
Djibouti,DJI,2007,6.0
Djibouti,DJI,2008,8.0
Djibouti,DJI,2009,9.0
Djibouti,DJI,2010,10.0
Djibouti,DJI,2011,11.0
Djibouti,DJI,2012,13.0
Djibouti,DJI,2013,15.0
Djibouti,DJI,2014,17.0
Djibouti,DJI,2015,21.0
Dominican Republic,DOM,2000,0.0
Dominican Republic,DOM,2001,0.0
Dominican Republic,DOM,2002,0.0
Dominican Republic,DOM,2003,0.0
Dominican Republic,DOM,2004,0.0
Dominican Republic,DOM,2005,2.0
Dominican Republic,DOM,2006,4.0
Dominican Republic,DOM,2007,8.0
Dominican Republic,DOM,2008,11.0
Dominican Republic,DOM,2009,14.0
Dominican Republic,DOM,2010,18.0
Dominican Republic,DOM,2011,21.0
Dominican Republic,DOM,2012,25.0
Dominican Republic,DOM,2013,28.0
Dominican Republic,DOM,2014,33.0
Dominican Republic,DOM,2015,39.0
Early-demographic dividend,,2000,0.22192319600000002
Early-demographic dividend,,2001,0.316348411
Early-demographic dividend,,2002,0.421423651
Early-demographic dividend,,2003,1.0171887240000002
Early-demographic dividend,,2004,2.0137971980000002
Early-demographic dividend,,2005,3.452685862
Early-demographic dividend,,2006,6.084099705
Early-demographic dividend,,2007,9.369412201
Early-demographic dividend,,2008,13.47432346
Early-demographic dividend,,2009,18.18254935
Early-demographic dividend,,2010,24.63284157
Early-demographic dividend,,2011,31.09985752
Early-demographic dividend,,2012,36.16606819
Early-demographic dividend,,2013,40.89484958
Early-demographic dividend,,2014,45.78296959
Early-demographic dividend,,2015,50.54389654
Ecuador,ECU,2000,1.0
Ecuador,ECU,2001,1.0
Ecuador,ECU,2002,1.0
Ecuador,ECU,2003,1.0
Ecuador,ECU,2004,3.0
Ecuador,ECU,2005,4.0
Ecuador,ECU,2006,6.0
Ecuador,ECU,2007,10.0
Ecuador,ECU,2008,14.0
Ecuador,ECU,2009,18.0
Ecuador,ECU,2010,24.0
Ecuador,ECU,2011,30.0
Ecuador,ECU,2012,30.0
Ecuador,ECU,2013,32.0
Ecuador,ECU,2014,38.0
Ecuador,ECU,2015,46.0
Egypt,EGY,2000,0.0
Egypt,EGY,2001,0.0
Egypt,EGY,2002,0.0
Egypt,EGY,2003,0.0
Egypt,EGY,2004,0.0
Egypt,EGY,2005,0.0
Egypt,EGY,2006,4.0
Egypt,EGY,2007,4.0
Egypt,EGY,2008,5.0
Egypt,EGY,2009,5.0
Egypt,EGY,2010,8.0
Egypt,EGY,2011,9.0
Egypt,EGY,2012,10.0
Egypt,EGY,2013,11.0
Egypt,EGY,2014,15.0
Egypt,EGY,2015,17.0
El Salvador,SLV,2000,0.0
El Salvador,SLV,2001,1.0
El Salvador,SLV,2002,2.0
El Salvador,SLV,2003,4.0
El Salvador,SLV,2004,9.0
El Salvador,SLV,2005,15.0
El Salvador,SLV,2006,21.0
El Salvador,SLV,2007,26.0
El Salvador,SLV,2008,30.0
El Salvador,SLV,2009,36.0
El Salvador,SLV,2010,41.0
El Salvador,SLV,2011,41.0
El Salvador,SLV,2012,42.0
El Salvador,SLV,2013,44.0
El Salvador,SLV,2014,45.0
El Salvador,SLV,2015,45.0
Equatorial Guinea,GNQ,2000,0.0
Equatorial Guinea,GNQ,2001,0.0
Equatorial Guinea,GNQ,2002,0.0
Equatorial Guinea,GNQ,2003,0.0
Equatorial Guinea,GNQ,2004,1.0
Equatorial Guinea,GNQ,2005,2.0
Equatorial Guinea,GNQ,2006,3.0
Equatorial Guinea,GNQ,2007,6.0
Equatorial Guinea,GNQ,2008,7.0
Equatorial Guinea,GNQ,2009,11.0
Equatorial Guinea,GNQ,2010,7.0
Equatorial Guinea,GNQ,2011,11.0
Equatorial Guinea,GNQ,2012,15.0
Equatorial Guinea,GNQ,2013,26.0
Equatorial Guinea,GNQ,2014,25.0
Equatorial Guinea,GNQ,2015,22.0
Eritrea,ERI,2000,0.0
Eritrea,ERI,2001,0.0
Eritrea,ERI,2002,0.0
Eritrea,ERI,2003,0.0
Eritrea,ERI,2004,0.0
Eritrea,ERI,2005,3.0
Eritrea,ERI,2006,7.0
Eritrea,ERI,2007,13.0
Eritrea,ERI,2008,19.0
Eritrea,ERI,2009,25.0
Eritrea,ERI,2010,32.0
Eritrea,ERI,2011,38.0
Eritrea,ERI,2012,44.0
Eritrea,ERI,2013,50.0
Eritrea,ERI,2014,55.0
Eritrea,ERI,2015,60.0
Estonia,EST,2000,1.0
Estonia,EST,2001,1.0
Estonia,EST,2002,1.0
Estonia,EST,2003,2.0
Estonia,EST,2004,3.0
Estonia,EST,2005,7.0
Estonia,EST,2006,11.0
Estonia,EST,2007,17.0
Estonia,EST,2008,23.0
Estonia,EST,2009,29.0
Estonia,EST,2010,38.0
Estonia,EST,2011,44.0
Estonia,EST,2012,50.0
Estonia,EST,2013,52.0
Estonia,EST,2014,57.0
Estonia,EST,2015,65.0
Ethiopia,ETH,2000,0.0
Ethiopia,ETH,2001,0.0
Ethiopia,ETH,2002,0.0
Ethiopia,ETH,2003,0.0
Ethiopia,ETH,2004,1.0
Ethiopia,ETH,2005,2.0
Ethiopia,ETH,2006,6.0
Ethiopia,ETH,2007,12.0
Ethiopia,ETH,2008,18.0
Ethiopia,ETH,2009,25.0
Ethiopia,ETH,2010,32.0
Ethiopia,ETH,2011,40.0
Ethiopia,ETH,2012,44.0
Ethiopia,ETH,2013,49.0
Ethiopia,ETH,2014,57.0
Ethiopia,ETH,2015,62.0
Euro area,,2000,39.31799053
Euro area,,2001,42.55281778
Euro area,,2002,45.12753145
Euro area,,2003,47.41934151
Euro area,,2004,49.50238095
Euro area,,2005,51.49948802
Euro area,,2006,53.488114100000004
Euro area,,2007,55.74317283
Euro area,,2008,58.13065908
Euro area,,2009,60.21078458
Euro area,,2010,63.85961049
Euro area,,2011,65.72897718
Euro area,,2012,68.36842538
Euro area,,2013,71.66295059
Euro area,,2014,73.26857468
Euro area,,2015,75.25893962
Europe & Central Asia,,2000,21.46560629
Europe & Central Asia,,2001,22.15237241
Europe & Central Asia,,2002,23.02261656
Europe & Central Asia,,2003,23.01678197
Europe & Central Asia,,2004,23.93677373
Europe & Central Asia,,2005,24.58249249
Europe & Central Asia,,2006,26.08336947
Europe & Central Asia,,2007,27.99011382
Europe & Central Asia,,2008,29.47205085
Europe & Central Asia,,2009,30.68520861
Europe & Central Asia,,2010,32.76951084
Europe & Central Asia,,2011,34.39010317
Europe & Central Asia,,2012,36.55080631
Europe & Central Asia,,2013,39.64307395
Europe & Central Asia,,2014,42.06996959
Europe & Central Asia,,2015,43.06782886
Europe & Central Asia (IDA & IBRD),,2000,1.139236793
Europe & Central Asia (IDA & IBRD),,2001,1.249559127
Europe & Central Asia (IDA & IBRD),,2002,1.6225282490000001
Europe & Central Asia (IDA & IBRD),,2003,1.757368504
Europe & Central Asia (IDA & IBRD),,2004,2.3189211480000003
Europe & Central Asia (IDA & IBRD),,2005,2.75589116
Europe & Central Asia (IDA & IBRD),,2006,4.699475522
Europe & Central Asia (IDA & IBRD),,2007,6.652154561000001
Europe & Central Asia (IDA & IBRD),,2008,8.939890851
Europe & Central Asia (IDA & IBRD),,2009,10.43609293
Europe & Central Asia (IDA & IBRD),,2010,12.18201924
Europe & Central Asia (IDA & IBRD),,2011,14.92063329
Europe & Central Asia (IDA & IBRD),,2012,17.413658899999998
Europe & Central Asia (IDA & IBRD),,2013,21.1865083
Europe & Central Asia (IDA & IBRD),,2014,24.37163605
Europe & Central Asia (IDA & IBRD),,2015,25.84748603
Europe & Central Asia (excluding high income),,2000,1.139236793
Europe & Central Asia (excluding high income),,2001,1.249559127
Europe & Central Asia (excluding high income),,2002,1.6225282490000001
Europe & Central Asia (excluding high income),,2003,1.757368504
Europe & Central Asia (excluding high income),,2004,2.3189211480000003
Europe & Central Asia (excluding high income),,2005,2.75589116
Europe & Central Asia (excluding high income),,2006,4.699475522
Europe & Central Asia (excluding high income),,2007,6.652154561000001
Europe & Central Asia (excluding high income),,2008,8.939890851
Europe & Central Asia (excluding high income),,2009,10.43609293
Europe & Central Asia (excluding high income),,2010,12.18201924
Europe & Central Asia (excluding high income),,2011,14.92063329
Europe & Central Asia (excluding high income),,2012,17.413658899999998
Europe & Central Asia (excluding high income),,2013,21.1865083
Europe & Central Asia (excluding high income),,2014,24.37163605
Europe & Central Asia (excluding high income),,2015,25.84748603
European Union,,2000,39.63776719
European Union,,2001,42.97029607
European Union,,2002,45.56792487
European Union,,2003,47.91145452
European Union,,2004,49.9986187
European Union,,2005,51.84351856
European Union,,2006,53.75886416
European Union,,2007,55.7374156
European Union,,2008,58.12567735
European Union,,2009,60.01327882
European Union,,2010,63.50793703
European Union,,2011,65.3208793
European Union,,2012,67.8672881
European Union,,2013,71.11221945
European Union,,2014,72.78969203
European Union,,2015,74.86365962
Fragile and conflict affected situations,,2000,0.000256869
Fragile and conflict affected situations,,2001,0.023641815
Fragile and conflict affected situations,,2002,0.185354777
Fragile and conflict affected situations,,2003,0.271664694
Fragile and conflict affected situations,,2004,1.12255441
Fragile and conflict affected situations,,2005,2.369899515
Fragile and conflict affected situations,,2006,4.549676638999999
Fragile and conflict affected situations,,2007,7.120740614
Fragile and conflict affected situations,,2008,10.66492819
Fragile and conflict affected situations,,2009,13.10672924
Fragile and conflict affected situations,,2010,17.30939979
Fragile and conflict affected situations,,2011,21.73026932
Fragile and conflict affected situations,,2012,24.32408447
Fragile and conflict affected situations,,2013,31.1451229
Fragile and conflict affected situations,,2014,37.17297528
Fragile and conflict affected situations,,2015,43.19470575
France,FRA,2000,58.0
France,FRA,2001,62.0
France,FRA,2002,63.0
France,FRA,2003,64.0
France,FRA,2004,64.0
France,FRA,2005,65.0
France,FRA,2006,65.0
France,FRA,2007,66.0
France,FRA,2008,67.0
France,FRA,2009,67.0
France,FRA,2010,70.0
France,FRA,2011,71.0
France,FRA,2012,73.0
France,FRA,2013,75.0
France,FRA,2014,77.0
France,FRA,2015,78.0
Gabon,GAB,2000,0.0
Gabon,GAB,2001,0.0
Gabon,GAB,2002,1.0
Gabon,GAB,2003,2.0
Gabon,GAB,2004,7.0
Gabon,GAB,2005,14.0
Gabon,GAB,2006,16.0
Gabon,GAB,2007,18.0
Gabon,GAB,2008,20.0
Gabon,GAB,2009,25.0
Gabon,GAB,2010,26.0
Gabon,GAB,2011,29.0
Gabon,GAB,2012,32.0
Gabon,GAB,2013,41.0
Gabon,GAB,2014,43.0
Gabon,GAB,2015,51.0
Gambia,GMB,2000,0.0
Gambia,GMB,2001,0.0
Gambia,GMB,2002,0.0
Gambia,GMB,2003,0.0
Gambia,GMB,2004,0.0
Gambia,GMB,2005,2.0
Gambia,GMB,2006,2.0
Gambia,GMB,2007,3.0
Gambia,GMB,2008,5.0
Gambia,GMB,2009,6.0
Gambia,GMB,2010,10.0
Gambia,GMB,2011,16.0
Gambia,GMB,2012,19.0
Gambia,GMB,2013,19.0
Gambia,GMB,2014,22.0
Gambia,GMB,2015,24.0
Georgia,GEO,2000,0.0
Georgia,GEO,2001,0.0
Georgia,GEO,2002,0.0
Georgia,GEO,2003,0.0
Georgia,GEO,2004,2.0
Georgia,GEO,2005,5.0
Georgia,GEO,2006,8.0
Georgia,GEO,2007,9.0
Georgia,GEO,2008,11.0
Georgia,GEO,2009,12.0
Georgia,GEO,2010,14.0
Georgia,GEO,2011,16.0
Georgia,GEO,2012,22.0
Georgia,GEO,2013,25.0
Georgia,GEO,2014,29.0
Georgia,GEO,2015,32.0
Germany,DEU,2000,69.0
Germany,DEU,2001,69.0
Germany,DEU,2002,67.0
Germany,DEU,2003,65.0
Germany,DEU,2004,63.0
Germany,DEU,2005,60.0
Germany,DEU,2006,58.0
Germany,DEU,2007,60.0
Germany,DEU,2008,61.0
Germany,DEU,2009,63.0
Germany,DEU,2010,65.0
Germany,DEU,2011,67.0
Germany,DEU,2012,68.0
Germany,DEU,2013,70.0
Germany,DEU,2014,71.0
Germany,DEU,2015,72.0
Ghana,GHA,2000,0.0
Ghana,GHA,2001,0.0
Ghana,GHA,2002,0.0
Ghana,GHA,2003,0.0
Ghana,GHA,2004,1.0
Ghana,GHA,2005,1.0
Ghana,GHA,2006,2.0
Ghana,GHA,2007,4.0
Ghana,GHA,2008,7.0
Ghana,GHA,2009,10.0
Ghana,GHA,2010,13.0
Ghana,GHA,2011,19.0
Ghana,GHA,2012,23.0
Ghana,GHA,2013,24.0
Ghana,GHA,2014,27.0
Ghana,GHA,2015,26.0
Greece,GRC,2000,48.0
Greece,GRC,2001,48.0
Greece,GRC,2002,48.0
Greece,GRC,2003,47.0
Greece,GRC,2004,46.0
Greece,GRC,2005,46.0
Greece,GRC,2006,46.0
Greece,GRC,2007,46.0
Greece,GRC,2008,48.0
Greece,GRC,2009,48.0
Greece,GRC,2010,50.0
Greece,GRC,2011,51.0
Greece,GRC,2012,54.0
Greece,GRC,2013,57.0
Greece,GRC,2014,59.0
Greece,GRC,2015,62.0
Guatemala,GTM,2000,0.0
Guatemala,GTM,2001,0.0
Guatemala,GTM,2002,0.0
Guatemala,GTM,2003,12.0
Guatemala,GTM,2004,11.0
Guatemala,GTM,2005,11.0
Guatemala,GTM,2006,15.0
Guatemala,GTM,2007,22.0
Guatemala,GTM,2008,27.0
Guatemala,GTM,2009,28.0
Guatemala,GTM,2010,30.0
Guatemala,GTM,2011,33.0
Guatemala,GTM,2012,35.0
Guatemala,GTM,2013,37.0
Guatemala,GTM,2014,38.0
Guatemala,GTM,2015,36.0
Guinea,GIN,2000,0.0
Guinea,GIN,2001,0.0
Guinea,GIN,2002,0.0
Guinea,GIN,2003,1.0
Guinea,GIN,2004,1.0
Guinea,GIN,2005,2.0
Guinea,GIN,2006,5.0
Guinea,GIN,2007,5.0
Guinea,GIN,2008,9.0
Guinea,GIN,2009,15.0
Guinea,GIN,2010,19.0
Guinea,GIN,2011,22.0
Guinea,GIN,2012,26.0
Guinea,GIN,2013,26.0
Guinea,GIN,2014,29.0
Guinea,GIN,2015,31.0
Guinea-Bissau,GNB,2000,0.0
Guinea-Bissau,GNB,2001,0.0
Guinea-Bissau,GNB,2002,0.0
Guinea-Bissau,GNB,2003,0.0
Guinea-Bissau,GNB,2004,0.0
Guinea-Bissau,GNB,2005,0.0
Guinea-Bissau,GNB,2006,1.0
Guinea-Bissau,GNB,2007,3.0
Guinea-Bissau,GNB,2008,6.0
Guinea-Bissau,GNB,2009,8.0
Guinea-Bissau,GNB,2010,10.0
Guinea-Bissau,GNB,2011,13.0
Guinea-Bissau,GNB,2012,17.0
Guinea-Bissau,GNB,2013,18.0
Guinea-Bissau,GNB,2014,21.0
Guinea-Bissau,GNB,2015,24.0
Guyana,GUY,2000,0.0
Guyana,GUY,2001,0.0
Guyana,GUY,2002,0.0
Guyana,GUY,2003,3.0
Guyana,GUY,2004,11.0
Guyana,GUY,2005,24.0
Guyana,GUY,2006,29.0
Guyana,GUY,2007,34.0
Guyana,GUY,2008,41.0
Guyana,GUY,2009,44.0
Guyana,GUY,2010,46.0
Guyana,GUY,2011,50.0
Guyana,GUY,2012,52.0
Guyana,GUY,2013,55.0
Guyana,GUY,2014,56.0
Guyana,GUY,2015,58.0
Haiti,HTI,2000,0.0
Haiti,HTI,2001,0.0
Haiti,HTI,2002,1.0
Haiti,HTI,2003,1.0
Haiti,HTI,2004,2.0
Haiti,HTI,2005,4.0
Haiti,HTI,2006,8.0
Haiti,HTI,2007,12.0
Haiti,HTI,2008,16.0
Haiti,HTI,2009,21.0
Haiti,HTI,2010,22.0
Haiti,HTI,2011,26.0
Haiti,HTI,2012,32.0
Haiti,HTI,2013,39.0
Haiti,HTI,2014,44.0
Haiti,HTI,2015,48.0
Heavily indebted poor countries (HIPC),,2000,0.0
Heavily indebted poor countries (HIPC),,2001,0.100807274
Heavily indebted poor countries (HIPC),,2002,0.278413035
Heavily indebted poor countries (HIPC),,2003,0.544022196
Heavily indebted poor countries (HIPC),,2004,1.8971624319999998
Heavily indebted poor countries (HIPC),,2005,3.72217471
Heavily indebted poor countries (HIPC),,2006,6.155339314
Heavily indebted poor countries (HIPC),,2007,10.27397009
Heavily indebted poor countries (HIPC),,2008,14.41342585
Heavily indebted poor countries (HIPC),,2009,17.50933953
Heavily indebted poor countries (HIPC),,2010,21.12441867
Heavily indebted poor countries (HIPC),,2011,24.94869132
Heavily indebted poor countries (HIPC),,2012,29.91714764
Heavily indebted poor countries (HIPC),,2013,35.85748451
Heavily indebted poor countries (HIPC),,2014,42.41181781
Heavily indebted poor countries (HIPC),,2015,48.06259639
Honduras,HND,2000,0.0
Honduras,HND,2001,0.0
Honduras,HND,2002,1.0
Honduras,HND,2003,6.0
Honduras,HND,2004,8.0
Honduras,HND,2005,12.0
Honduras,HND,2006,16.0
Honduras,HND,2007,20.0
Honduras,HND,2008,23.0
Honduras,HND,2009,27.0
Honduras,HND,2010,30.0
Honduras,HND,2011,34.0
Honduras,HND,2012,37.0
Honduras,HND,2013,41.0
Honduras,HND,2014,43.0
Honduras,HND,2015,46.0
Hungary,HUN,2000,42.0
Hungary,HUN,2001,43.0
Hungary,HUN,2002,40.0
Hungary,HUN,2003,37.0
Hungary,HUN,2004,35.0
Hungary,HUN,2005,33.0
Hungary,HUN,2006,36.0
Hungary,HUN,2007,36.0
Hungary,HUN,2008,36.0
Hungary,HUN,2009,37.0
Hungary,HUN,2010,39.0
Hungary,HUN,2011,43.0
Hungary,HUN,2012,43.0
Hungary,HUN,2013,45.0
Hungary,HUN,2014,51.0
Hungary,HUN,2015,59.0
IDA & IBRD total,,2000,0.530610854
IDA & IBRD total,,2001,0.720813824
IDA & IBRD total,,2002,0.916021165
IDA & IBRD total,,2003,1.477562606
IDA & IBRD total,,2004,2.756271882
IDA & IBRD total,,2005,4.425442896
IDA & IBRD total,,2006,6.937404974
IDA & IBRD total,,2007,10.0207216
IDA & IBRD total,,2008,13.83028103
IDA & IBRD total,,2009,17.5049621
IDA & IBRD total,,2010,22.25129974
IDA & IBRD total,,2011,27.05753306
IDA & IBRD total,,2012,31.61196193
IDA & IBRD total,,2013,36.65665081
IDA & IBRD total,,2014,41.68619166
IDA & IBRD total,,2015,46.71808611
IDA blend,,2000,0.0
IDA blend,,2001,9.63283e-05
IDA blend,,2002,0.00038224900000000003
IDA blend,,2003,0.452647746
IDA blend,,2004,1.822811481
IDA blend,,2005,3.137274391
IDA blend,,2006,5.924254041
IDA blend,,2007,7.7365623910000005
IDA blend,,2008,11.37287426
IDA blend,,2009,15.10167287
IDA blend,,2010,20.2094165
IDA blend,,2011,24.835912
IDA blend,,2012,28.32971763
IDA blend,,2013,33.33457446
IDA blend,,2014,37.43179267
IDA blend,,2015,42.69066334
IDA only,,2000,0.0
IDA only,,2001,0.099582238
IDA only,,2002,0.27351890100000004
IDA only,,2003,0.5483146289999999
IDA only,,2004,1.811439631
IDA only,,2005,3.635672749
IDA only,,2006,6.198893869
IDA only,,2007,10.42419772
IDA only,,2008,14.55061507
IDA only,,2009,17.73611613
IDA only,,2010,21.4814618
IDA only,,2011,25.27554617
IDA only,,2012,30.24615906
IDA only,,2013,36.24133305
IDA only,,2014,42.84176025
IDA only,,2015,48.521517200000005
IDA total,,2000,0.0
IDA total,,2001,0.060846655
IDA total,,2002,0.166932362
IDA total,,2003,0.511084683
IDA total,,2004,1.8159022980000001
IDA total,,2005,3.442013438
IDA total,,2006,6.093264854
IDA total,,2007,9.384769231
IDA total,,2008,13.33624016
IDA total,,2009,16.73908605
IDA total,,2010,20.99752151
IDA total,,2011,25.10918527
IDA total,,2012,29.52668692
IDA total,,2013,35.14921565
IDA total,,2014,40.83494638
IDA total,,2015,46.3326109
India,IND,2000,0.0
India,IND,2001,0.0
India,IND,2002,0.0
India,IND,2003,0.0
India,IND,2004,0.0
India,IND,2005,1.0
India,IND,2006,3.0
India,IND,2007,5.0
India,IND,2008,9.0
India,IND,2009,13.0
India,IND,2010,18.0
India,IND,2011,23.0
India,IND,2012,28.0
India,IND,2013,35.0
India,IND,2014,39.0
India,IND,2015,43.0
Indonesia,IDN,2000,0.0
Indonesia,IDN,2001,0.0
Indonesia,IDN,2002,0.0
Indonesia,IDN,2003,0.0
Indonesia,IDN,2004,0.0
Indonesia,IDN,2005,0.0
Indonesia,IDN,2006,1.0
Indonesia,IDN,2007,2.0
Indonesia,IDN,2008,2.0
Indonesia,IDN,2009,3.0
Indonesia,IDN,2010,4.0
Indonesia,IDN,2011,5.0
Indonesia,IDN,2012,5.0
Indonesia,IDN,2013,6.0
Indonesia,IDN,2014,8.0
Indonesia,IDN,2015,10.0
Iran,IRN,2000,0.0
Iran,IRN,2001,0.0
Iran,IRN,2002,0.0
Iran,IRN,2003,0.0
Iran,IRN,2004,0.0
Iran,IRN,2005,1.0
Iran,IRN,2006,1.0
Iran,IRN,2007,1.0
Iran,IRN,2008,2.0
Iran,IRN,2009,3.0
Iran,IRN,2010,4.0
Iran,IRN,2011,5.0
Iran,IRN,2012,7.0
Iran,IRN,2013,8.0
Iran,IRN,2014,10.0
Iran,IRN,2015,13.0
Ireland,IRL,2000,45.0
Ireland,IRL,2001,50.0
Ireland,IRL,2002,53.0
Ireland,IRL,2003,55.0
Ireland,IRL,2004,57.0
Ireland,IRL,2005,57.0
Ireland,IRL,2006,58.0
Ireland,IRL,2007,58.0
Ireland,IRL,2008,58.0
Ireland,IRL,2009,58.0
Ireland,IRL,2010,58.0
Ireland,IRL,2011,60.0
Ireland,IRL,2012,63.0
Ireland,IRL,2013,65.0
Ireland,IRL,2014,68.0
Ireland,IRL,2015,70.0
Italy,ITA,2000,23.0
Italy,ITA,2001,27.0
Italy,ITA,2002,31.0
Italy,ITA,2003,35.0
Italy,ITA,2004,39.0
Italy,ITA,2005,42.0
Italy,ITA,2006,46.0
Italy,ITA,2007,49.0
Italy,ITA,2008,53.0
Italy,ITA,2009,56.0
Italy,ITA,2010,60.0
Italy,ITA,2011,63.0
Italy,ITA,2012,66.0
Italy,ITA,2013,73.0
Italy,ITA,2014,74.0
Italy,ITA,2015,76.0
Jamaica,JAM,2000,0.0
Jamaica,JAM,2001,0.0
Jamaica,JAM,2002,0.0
Jamaica,JAM,2003,0.0
Jamaica,JAM,2004,1.0
Jamaica,JAM,2005,4.0
Jamaica,JAM,2006,6.0
Jamaica,JAM,2007,9.0
Jamaica,JAM,2008,11.0
Jamaica,JAM,2009,15.0
Jamaica,JAM,2010,17.0
Jamaica,JAM,2011,20.0
Jamaica,JAM,2012,23.0
Jamaica,JAM,2013,25.0
Jamaica,JAM,2014,27.0
Jamaica,JAM,2015,29.0
Japan,JPN,2000,25.0
Japan,JPN,2001,34.0
Japan,JPN,2002,40.0
Japan,JPN,2003,45.0
Japan,JPN,2004,49.0
Japan,JPN,2005,52.0
Japan,JPN,2006,54.0
Japan,JPN,2007,56.0
Japan,JPN,2008,57.0
Japan,JPN,2009,58.0
Japan,JPN,2010,59.0
Japan,JPN,2011,59.0
Japan,JPN,2012,60.0
Japan,JPN,2013,61.0
Japan,JPN,2014,61.0
Japan,JPN,2015,75.0
Kazakhstan,KAZ,2000,0.0
Kazakhstan,KAZ,2001,0.0
Kazakhstan,KAZ,2002,0.0
Kazakhstan,KAZ,2003,0.0
Kazakhstan,KAZ,2004,0.0
Kazakhstan,KAZ,2005,3.0
Kazakhstan,KAZ,2006,3.0
Kazakhstan,KAZ,2007,4.0
Kazakhstan,KAZ,2008,5.0
Kazakhstan,KAZ,2009,8.0
Kazakhstan,KAZ,2010,10.0
Kazakhstan,KAZ,2011,12.0
Kazakhstan,KAZ,2012,16.0
Kazakhstan,KAZ,2013,22.0
Kazakhstan,KAZ,2014,25.0
Kazakhstan,KAZ,2015,29.0
Kenya,KEN,2000,0.0
Kenya,KEN,2001,0.0
Kenya,KEN,2002,0.0
Kenya,KEN,2003,0.0
Kenya,KEN,2004,2.0
Kenya,KEN,2005,4.0
Kenya,KEN,2006,9.0
Kenya,KEN,2007,13.0
Kenya,KEN,2008,18.0
Kenya,KEN,2009,24.0
Kenya,KEN,2010,32.0
Kenya,KEN,2011,39.0
Kenya,KEN,2012,43.0
Kenya,KEN,2013,46.0
Kenya,KEN,2014,52.0
Kenya,KEN,2015,61.0
Kuwait,KWT,2000,60.0
Kuwait,KWT,2001,64.0
Kuwait,KWT,2002,77.0
Kuwait,KWT,2003,61.0
Kuwait,KWT,2004,75.0
Kuwait,KWT,2005,82.0
Kuwait,KWT,2006,77.0
Kuwait,KWT,2007,71.0
Kuwait,KWT,2008,56.0
Kuwait,KWT,2009,64.0
Kuwait,KWT,2010,56.0
Kuwait,KWT,2011,68.0
Kuwait,KWT,2012,66.0
Kuwait,KWT,2013,70.0
Kuwait,KWT,2014,66.0
Kuwait,KWT,2015,61.0
Kyrgyzstan,KGZ,2000,0.0
Kyrgyzstan,KGZ,2001,0.0
Kyrgyzstan,KGZ,2002,0.0
Kyrgyzstan,KGZ,2003,0.0
Kyrgyzstan,KGZ,2004,0.0
Kyrgyzstan,KGZ,2005,0.0
Kyrgyzstan,KGZ,2006,1.0
Kyrgyzstan,KGZ,2007,2.0
Kyrgyzstan,KGZ,2008,3.0
Kyrgyzstan,KGZ,2009,4.0
Kyrgyzstan,KGZ,2010,6.0
Kyrgyzstan,KGZ,2011,7.0
Kyrgyzstan,KGZ,2012,9.0
Kyrgyzstan,KGZ,2013,14.0
Kyrgyzstan,KGZ,2014,22.0
Kyrgyzstan,KGZ,2015,32.0
Laos,LAO,2000,0.0
Laos,LAO,2001,0.0
Laos,LAO,2002,0.0
Laos,LAO,2003,1.0
Laos,LAO,2004,3.0
Laos,LAO,2005,5.0
Laos,LAO,2006,7.0
Laos,LAO,2007,9.0
Laos,LAO,2008,12.0
Laos,LAO,2009,15.0
Laos,LAO,2010,17.0
Laos,LAO,2011,19.0
Laos,LAO,2012,22.0
Laos,LAO,2013,25.0
Laos,LAO,2014,29.0
Laos,LAO,2015,34.0
Latin America & Caribbean,,2000,11.48197608
Latin America & Caribbean,,2001,13.47907863
Latin America & Caribbean,,2002,15.0352702
Latin America & Caribbean,,2003,17.06789684
Latin America & Caribbean,,2004,18.97155377
Latin America & Caribbean,,2005,21.1711544
Latin America & Caribbean,,2006,22.73780488
Latin America & Caribbean,,2007,24.94988946
Latin America & Caribbean,,2008,26.87761852
Latin America & Caribbean,,2009,29.81776522
Latin America & Caribbean,,2010,33.14104981
Latin America & Caribbean,,2011,36.01848266
Latin America & Caribbean,,2012,39.57760526
Latin America & Caribbean,,2013,43.30211298
Latin America & Caribbean,,2014,46.95328839
Latin America & Caribbean,,2015,52.12781566
Latin America & Caribbean (IDA & IBRD),,2000,11.57386864
Latin America & Caribbean (IDA & IBRD),,2001,13.56186256
Latin America & Caribbean (IDA & IBRD),,2002,15.09921462
Latin America & Caribbean (IDA & IBRD),,2003,17.06253909
Latin America & Caribbean (IDA & IBRD),,2004,18.95751708
Latin America & Caribbean (IDA & IBRD),,2005,21.13484936
Latin America & Caribbean (IDA & IBRD),,2006,22.69840157
Latin America & Caribbean (IDA & IBRD),,2007,24.91883822
Latin America & Caribbean (IDA & IBRD),,2008,26.82760434
Latin America & Caribbean (IDA & IBRD),,2009,29.76249602
Latin America & Caribbean (IDA & IBRD),,2010,33.13103619
Latin America & Caribbean (IDA & IBRD),,2011,36.00506737
Latin America & Caribbean (IDA & IBRD),,2012,39.57584836
Latin America & Caribbean (IDA & IBRD),,2013,43.30444952
Latin America & Caribbean (IDA & IBRD),,2014,46.9176032
Latin America & Caribbean (IDA & IBRD),,2015,52.09902657
Latin America & Caribbean (excluding high income),,2000,10.15134822
Latin America & Caribbean (excluding high income),,2001,12.02248119
Latin America & Caribbean (excluding high income),,2002,13.41178543
Latin America & Caribbean (excluding high income),,2003,15.28031672
Latin America & Caribbean (excluding high income),,2004,17.05076898
Latin America & Caribbean (excluding high income),,2005,19.29746128
Latin America & Caribbean (excluding high income),,2006,20.7185953
Latin America & Caribbean (excluding high income),,2007,22.81551363
Latin America & Caribbean (excluding high income),,2008,24.69829277
Latin America & Caribbean (excluding high income),,2009,27.65199014
Latin America & Caribbean (excluding high income),,2010,31.11206779
Latin America & Caribbean (excluding high income),,2011,34.08994325
Latin America & Caribbean (excluding high income),,2012,37.84086131
Latin America & Caribbean (excluding high income),,2013,41.60437929
Latin America & Caribbean (excluding high income),,2014,45.57087181
Latin America & Caribbean (excluding high income),,2015,51.25412657
Least developed countries: UN classification,,2000,0.0
Least developed countries: UN classification,,2001,0.11145671300000001
Least developed countries: UN classification,,2002,0.215176552
Least developed countries: UN classification,,2003,0.504302641
Least developed countries: UN classification,,2004,1.7745888459999999
Least developed countries: UN classification,,2005,3.4020876280000003
Least developed countries: UN classification,,2006,6.006356416
Least developed countries: UN classification,,2007,10.33387675
Least developed countries: UN classification,,2008,14.28794125
Least developed countries: UN classification,,2009,17.75468076
Least developed countries: UN classification,,2010,21.74100422
Least developed countries: UN classification,,2011,25.43313308
Least developed countries: UN classification,,2012,30.49049125
Least developed countries: UN classification,,2013,36.90261408
Least developed countries: UN classification,,2014,43.55502127
Least developed countries: UN classification,,2015,49.38878912
Lebanon,LBN,2000,2.0
Lebanon,LBN,2001,5.0
Lebanon,LBN,2002,8.0
Lebanon,LBN,2003,12.0
Lebanon,LBN,2004,15.0
Lebanon,LBN,2005,17.0
Lebanon,LBN,2006,19.0
Lebanon,LBN,2007,23.0
Lebanon,LBN,2008,26.0
Lebanon,LBN,2009,30.0
Lebanon,LBN,2010,34.0
Lebanon,LBN,2011,37.0
Lebanon,LBN,2012,40.0
Lebanon,LBN,2013,43.0
Lebanon,LBN,2014,46.0
Lebanon,LBN,2015,49.0
Lesotho,LSO,2000,0.0
Lesotho,LSO,2001,0.0
Lesotho,LSO,2002,0.0
Lesotho,LSO,2003,0.0
Lesotho,LSO,2004,1.0
Lesotho,LSO,2005,4.0
Lesotho,LSO,2006,8.0
Lesotho,LSO,2007,17.0
Lesotho,LSO,2008,23.0
Lesotho,LSO,2009,31.0
Lesotho,LSO,2010,37.0
Lesotho,LSO,2011,37.0
Lesotho,LSO,2012,40.0
Lesotho,LSO,2013,43.0
Lesotho,LSO,2014,45.0
Lesotho,LSO,2015,51.0
Liberia,LBR,2000,0.0
Liberia,LBR,2001,0.0
Liberia,LBR,2002,0.0
Liberia,LBR,2003,0.0
Liberia,LBR,2004,0.0
Liberia,LBR,2005,0.0
Liberia,LBR,2006,2.0
Liberia,LBR,2007,3.0
Liberia,LBR,2008,4.0
Liberia,LBR,2009,6.0
Liberia,LBR,2010,10.0
Liberia,LBR,2011,13.0
Liberia,LBR,2012,13.0
Liberia,LBR,2013,15.0
Liberia,LBR,2014,17.0
Liberia,LBR,2015,18.0
Lithuania,LTU,2000,0.0
Lithuania,LTU,2001,0.0
Lithuania,LTU,2002,0.0
Lithuania,LTU,2003,3.0
Lithuania,LTU,2004,5.0
Lithuania,LTU,2005,5.0
Lithuania,LTU,2006,6.0
Lithuania,LTU,2007,8.0
Lithuania,LTU,2008,10.0
Lithuania,LTU,2009,10.0
Lithuania,LTU,2010,10.0
Lithuania,LTU,2011,13.0
Lithuania,LTU,2012,15.0
Lithuania,LTU,2013,23.0
Lithuania,LTU,2014,17.0
Lithuania,LTU,2015,25.0
Low & middle income,,2000,0.428854931
Low & middle income,,2001,0.604547073
Low & middle income,,2002,0.7844335790000001
Low & middle income,,2003,1.333863698
Low & middle income,,2004,2.599536851
Low & middle income,,2005,4.264855231
Low & middle income,,2006,6.770224144
Low & middle income,,2007,9.847811623
Low & middle income,,2008,13.66091663
Low & middle income,,2009,17.33787316
Low & middle income,,2010,22.09373402
Low & middle income,,2011,26.91274199
Low & middle income,,2012,31.47977734
Low & middle income,,2013,36.5302992
Low & middle income,,2014,41.58520975
Low & middle income,,2015,46.64199568
Low income,,2000,0.0
Low income,,2001,0.11033021
Low income,,2002,0.213988287
Low income,,2003,0.289024404
Low income,,2004,1.571577115
Low income,,2005,2.836623729
Low income,,2006,5.39707339
Low income,,2007,9.058829496
Low income,,2008,12.7394257
Low income,,2009,16.30304709
Low income,,2010,21.09210815
Low income,,2011,25.36571317
Low income,,2012,30.65795628
Low income,,2013,37.655120700000005
Low income,,2014,44.52849304
Low income,,2015,50.1396186
Lower middle income,,2000,0.0
Lower middle income,,2001,0.012518335
Lower middle income,,2002,0.098152479
Lower middle income,,2003,0.555512333
Lower middle income,,2004,1.4708269280000001
Lower middle income,,2005,3.144362103
Lower middle income,,2006,5.685897999
Lower middle income,,2007,8.237187911
Lower middle income,,2008,12.16109551
Lower middle income,,2009,15.43794854
Lower middle income,,2010,19.28233946
Lower middle income,,2011,23.13731187
Lower middle income,,2012,26.65518046
Lower middle income,,2013,31.01860422
Lower middle income,,2014,35.11481476
Lower middle income,,2015,39.89913148
Luxembourg,LUX,2000,51.0
Luxembourg,LUX,2001,52.0
Luxembourg,LUX,2002,53.0
Luxembourg,LUX,2003,51.0
Luxembourg,LUX,2004,51.0
Luxembourg,LUX,2005,56.0
Luxembourg,LUX,2006,59.0
Luxembourg,LUX,2007,56.0
Luxembourg,LUX,2008,59.0
Luxembourg,LUX,2009,59.0
Luxembourg,LUX,2010,60.0
Luxembourg,LUX,2011,64.0
Luxembourg,LUX,2012,67.0
Luxembourg,LUX,2013,66.0
Luxembourg,LUX,2014,70.0
Luxembourg,LUX,2015,71.0
Macedonia,MKD,2000,7.0
Macedonia,MKD,2001,7.0
Macedonia,MKD,2002,7.0
Macedonia,MKD,2003,7.0
Macedonia,MKD,2004,2.0
Macedonia,MKD,2005,7.0
Macedonia,MKD,2006,10.0
Macedonia,MKD,2007,13.0
Macedonia,MKD,2008,17.0
Macedonia,MKD,2009,16.0
Macedonia,MKD,2010,21.0
Macedonia,MKD,2011,23.0
Macedonia,MKD,2012,28.0
Macedonia,MKD,2013,31.0
Macedonia,MKD,2014,35.0
Macedonia,MKD,2015,43.0
Madagascar,MDG,2000,0.0
Madagascar,MDG,2001,0.0
Madagascar,MDG,2002,0.0
Madagascar,MDG,2003,0.0
Madagascar,MDG,2004,0.0
Madagascar,MDG,2005,0.0
Madagascar,MDG,2006,1.0
Madagascar,MDG,2007,1.0
Madagascar,MDG,2008,1.0
Madagascar,MDG,2009,1.0
Madagascar,MDG,2010,1.0
Madagascar,MDG,2011,2.0
Madagascar,MDG,2012,2.0
Madagascar,MDG,2013,2.0
Madagascar,MDG,2014,3.0
Madagascar,MDG,2015,4.0
Malawi,MWI,2000,0.0
Malawi,MWI,2001,0.0
Malawi,MWI,2002,0.0
Malawi,MWI,2003,0.0
Malawi,MWI,2004,1.0
Malawi,MWI,2005,3.0
Malawi,MWI,2006,7.0
Malawi,MWI,2007,12.0
Malawi,MWI,2008,18.0
Malawi,MWI,2009,23.0
Malawi,MWI,2010,28.0
Malawi,MWI,2011,35.0
Malawi,MWI,2012,43.0
Malawi,MWI,2013,49.0
Malawi,MWI,2014,55.0
Malawi,MWI,2015,59.0
Malaysia,MYS,2000,0.0
Malaysia,MYS,2001,2.0
Malaysia,MYS,2002,3.0
Malaysia,MYS,2003,5.0
Malaysia,MYS,2004,7.0
Malaysia,MYS,2005,9.0
Malaysia,MYS,2006,10.0
Malaysia,MYS,2007,12.0
Malaysia,MYS,2008,13.0
Malaysia,MYS,2009,15.0
Malaysia,MYS,2010,16.0
Malaysia,MYS,2011,18.0
Malaysia,MYS,2012,18.0
Malaysia,MYS,2013,21.0
Malaysia,MYS,2014,26.0
Malaysia,MYS,2015,31.0
Mali,MLI,2000,0.0
Mali,MLI,2001,0.0
Mali,MLI,2002,0.0
Mali,MLI,2003,1.0
Mali,MLI,2004,3.0
Mali,MLI,2005,3.0
Mali,MLI,2006,8.0
Mali,MLI,2007,12.0
Mali,MLI,2008,16.0
Mali,MLI,2009,19.0
Mali,MLI,2010,22.0
Mali,MLI,2011,25.0
Mali,MLI,2012,24.0
Mali,MLI,2013,23.0
Mali,MLI,2014,25.0
Mali,MLI,2015,28.0
Mauritania,MRT,2000,0.0
Mauritania,MRT,2001,0.0
Mauritania,MRT,2002,0.0
Mauritania,MRT,2003,0.0
Mauritania,MRT,2004,0.0
Mauritania,MRT,2005,2.0
Mauritania,MRT,2006,4.0
Mauritania,MRT,2007,6.0
Mauritania,MRT,2008,8.0
Mauritania,MRT,2009,11.0
Mauritania,MRT,2010,13.0
Mauritania,MRT,2011,14.0
Mauritania,MRT,2012,15.0
Mauritania,MRT,2013,19.0
Mauritania,MRT,2014,21.0
Mauritania,MRT,2015,24.0
Mexico,MEX,2000,9.0
Mexico,MEX,2001,12.0
Mexico,MEX,2002,15.0
Mexico,MEX,2003,20.0
Mexico,MEX,2004,22.0
Mexico,MEX,2005,24.0
Mexico,MEX,2006,28.0
Mexico,MEX,2007,31.0
Mexico,MEX,2008,34.0
Mexico,MEX,2009,36.0
Mexico,MEX,2010,38.0
Mexico,MEX,2011,40.0
Mexico,MEX,2012,44.0
Mexico,MEX,2013,45.0
Mexico,MEX,2014,47.0
Mexico,MEX,2015,54.0
Middle East & North Africa,,2000,0.669527897
Middle East & North Africa,,2001,0.8601425540000001
Middle East & North Africa,,2002,1.093836565
Middle East & North Africa (IDA & IBRD),,2000,0.38158194700000003
Middle East & North Africa (IDA & IBRD),,2001,0.612502427
Middle East & North Africa (IDA & IBRD),,2002,0.684247293
Middle East & North Africa (IDA & IBRD),,2003,1.7560202790000001
Middle East & North Africa (IDA & IBRD),,2004,2.46589428
Middle East & North Africa (IDA & IBRD),,2005,3.502994012
Middle East & North Africa (IDA & IBRD),,2006,4.48011782
Middle East & North Africa (IDA & IBRD),,2007,5.069411765
Middle East & North Africa (IDA & IBRD),,2008,6.590604027
Middle East & North Africa (IDA & IBRD),,2009,8.012738854
Middle East & North Africa (IDA & IBRD),,2010,10.174226800000001
Middle East & North Africa (IDA & IBRD),,2011,11.95481336
Middle East & North Africa (IDA & IBRD),,2012,14.80802292
Middle East & North Africa (IDA & IBRD),,2013,17.85151237
Middle East & North Africa (IDA & IBRD),,2014,21.35790409
Middle East & North Africa (IDA & IBRD),,2015,26.10359589
Middle East & North Africa (excluding high income),,2000,0.38158194700000003
Middle East & North Africa (excluding high income),,2001,0.612502427
Middle East & North Africa (excluding high income),,2002,0.684247293
Middle East & North Africa (excluding high income),,2003,1.7560202790000001
Middle East & North Africa (excluding high income),,2004,2.46589428
Middle East & North Africa (excluding high income),,2005,3.502994012
Middle East & North Africa (excluding high income),,2006,4.48011782
Middle East & North Africa (excluding high income),,2007,5.069411765
Middle East & North Africa (excluding high income),,2008,6.590604027
Middle East & North Africa (excluding high income),,2009,8.012738854
Middle East & North Africa (excluding high income),,2010,10.174226800000001
Middle East & North Africa (excluding high income),,2011,11.95481336
Middle East & North Africa (excluding high income),,2012,14.80802292
Middle East & North Africa (excluding high income),,2013,17.85151237
Middle East & North Africa (excluding high income),,2014,21.35790409
Middle East & North Africa (excluding high income),,2015,26.10359589
Middle income,,2000,0.66174938
Middle income,,2001,0.8618697559999999
Middle income,,2002,1.073859961
Middle income,,2003,1.8527044169999998
Middle income,,2004,3.089344645
Middle income,,2005,4.9442567539999995
Middle income,,2006,7.411575377999999
Middle income,,2007,10.21122586
Middle income,,2008,14.07633307
Middle income,,2009,17.80525883
Middle income,,2010,22.54097316
Middle income,,2011,27.59533205
Middle income,,2012,31.83976002
Middle income,,2013,36.02953205
Middle income,,2014,40.28262374
Middle income,,2015,45.12859007
Moldova,MDA,2000,0.0
Moldova,MDA,2001,0.0
Moldova,MDA,2002,0.0
Moldova,MDA,2003,1.0
Moldova,MDA,2004,2.0
Moldova,MDA,2005,3.0
Moldova,MDA,2006,4.0
Moldova,MDA,2007,6.0
Moldova,MDA,2008,7.0
Moldova,MDA,2009,10.0
Moldova,MDA,2010,11.0
Moldova,MDA,2011,14.0
Moldova,MDA,2012,17.0
Moldova,MDA,2013,19.0
Moldova,MDA,2014,23.0
Moldova,MDA,2015,28.0
Mongolia,MNG,2000,0.0
Mongolia,MNG,2001,0.0
Mongolia,MNG,2002,0.0
Mongolia,MNG,2003,4.0
Mongolia,MNG,2004,3.0
Mongolia,MNG,2005,2.0
Mongolia,MNG,2006,2.0
Mongolia,MNG,2007,2.0
Mongolia,MNG,2008,3.0
Mongolia,MNG,2009,4.0
Mongolia,MNG,2010,8.0
Mongolia,MNG,2011,10.0
Mongolia,MNG,2012,11.0
Mongolia,MNG,2013,18.0
Mongolia,MNG,2014,22.0
Mongolia,MNG,2015,24.0
Montenegro,MNE,2000,17.0
Montenegro,MNE,2001,20.0
Montenegro,MNE,2002,21.0
Montenegro,MNE,2003,24.0
Montenegro,MNE,2004,26.0
Montenegro,MNE,2005,26.0
Montenegro,MNE,2006,26.0
Montenegro,MNE,2007,27.0
Montenegro,MNE,2008,29.0
Montenegro,MNE,2009,30.0
Montenegro,MNE,2010,35.0
Montenegro,MNE,2011,34.0
Montenegro,MNE,2012,35.0
Montenegro,MNE,2013,39.0
Montenegro,MNE,2014,43.0
Montenegro,MNE,2015,46.0
Morocco,MAR,2000,0.0
Morocco,MAR,2001,0.0
Morocco,MAR,2002,0.0
Morocco,MAR,2003,4.0
Morocco,MAR,2004,7.0
Morocco,MAR,2005,8.0
Morocco,MAR,2006,9.0
Morocco,MAR,2007,10.0
Morocco,MAR,2008,13.0
Morocco,MAR,2009,15.0
Morocco,MAR,2010,18.0
Morocco,MAR,2011,22.0
Morocco,MAR,2012,28.0
Morocco,MAR,2013,34.0
Morocco,MAR,2014,38.0
Morocco,MAR,2015,46.0
Mozambique,MOZ,2000,0.0
Mozambique,MOZ,2001,0.0
Mozambique,MOZ,2002,0.0
Mozambique,MOZ,2003,0.0
Mozambique,MOZ,2004,1.0
Mozambique,MOZ,2005,1.0
Mozambique,MOZ,2006,3.0
Mozambique,MOZ,2007,6.0
Mozambique,MOZ,2008,9.0
Mozambique,MOZ,2009,10.0
Mozambique,MOZ,2010,12.0
Mozambique,MOZ,2011,15.0
Mozambique,MOZ,2012,16.0
Mozambique,MOZ,2013,26.0
Mozambique,MOZ,2014,32.0
Mozambique,MOZ,2015,39.0
Myanmar,MMR,2000,0.0
Myanmar,MMR,2001,0.0
Myanmar,MMR,2002,0.0
Myanmar,MMR,2003,0.0
Myanmar,MMR,2004,0.0
Myanmar,MMR,2005,1.0
Myanmar,MMR,2006,3.0
Myanmar,MMR,2007,5.0
Myanmar,MMR,2008,7.0
Myanmar,MMR,2009,10.0
Myanmar,MMR,2010,14.0
Myanmar,MMR,2011,19.0
Myanmar,MMR,2012,25.0
Myanmar,MMR,2013,32.0
Myanmar,MMR,2014,40.0
Myanmar,MMR,2015,49.0
Namibia,NAM,2000,0.0
Namibia,NAM,2001,0.0
Namibia,NAM,2002,0.0
Namibia,NAM,2003,0.0
Namibia,NAM,2004,4.0
Namibia,NAM,2005,9.0
Namibia,NAM,2006,17.0
Namibia,NAM,2007,28.0
Namibia,NAM,2008,36.0
Namibia,NAM,2009,40.0
Namibia,NAM,2010,51.0
Namibia,NAM,2011,61.0
Namibia,NAM,2012,66.0
Namibia,NAM,2013,70.0
Namibia,NAM,2014,70.0
Namibia,NAM,2015,76.0
Nepal,NPL,2000,0.0
Nepal,NPL,2001,0.0
Nepal,NPL,2002,0.0
Nepal,NPL,2003,0.0
Nepal,NPL,2004,0.0
Nepal,NPL,2005,1.0
Nepal,NPL,2006,2.0
Nepal,NPL,2007,4.0
Nepal,NPL,2008,7.0
Nepal,NPL,2009,10.0
Nepal,NPL,2010,14.0
Nepal,NPL,2011,19.0
Nepal,NPL,2012,23.0
Nepal,NPL,2013,26.0
Nepal,NPL,2014,31.0
Nepal,NPL,2015,37.0
Netherlands,NLD,2000,42.0
Netherlands,NLD,2001,45.0
Netherlands,NLD,2002,47.0
Netherlands,NLD,2003,49.0
Netherlands,NLD,2004,50.0
Netherlands,NLD,2005,51.0
Netherlands,NLD,2006,52.0
Netherlands,NLD,2007,54.0
Netherlands,NLD,2008,57.0
Netherlands,NLD,2009,60.0
Netherlands,NLD,2010,64.0
Netherlands,NLD,2011,66.0
Netherlands,NLD,2012,69.0
Netherlands,NLD,2013,73.0
Netherlands,NLD,2014,76.0
Netherlands,NLD,2015,79.0
New Zealand,NZL,2000,37.0
New Zealand,NZL,2001,39.0
New Zealand,NZL,2002,39.0
New Zealand,NZL,2003,40.0
New Zealand,NZL,2004,42.0
New Zealand,NZL,2005,45.0
New Zealand,NZL,2006,46.0
New Zealand,NZL,2007,49.0
New Zealand,NZL,2008,52.0
New Zealand,NZL,2009,56.0
New Zealand,NZL,2010,61.0
New Zealand,NZL,2011,64.0
New Zealand,NZL,2012,66.0
New Zealand,NZL,2013,67.0
New Zealand,NZL,2014,68.0
New Zealand,NZL,2015,70.0
Nicaragua,NIC,2000,0.0
Nicaragua,NIC,2001,0.0
Nicaragua,NIC,2002,0.0
Nicaragua,NIC,2003,0.0
Nicaragua,NIC,2004,1.0
Nicaragua,NIC,2005,2.0
Nicaragua,NIC,2006,3.0
Nicaragua,NIC,2007,6.0
Nicaragua,NIC,2008,8.0
Nicaragua,NIC,2009,12.0
Nicaragua,NIC,2010,15.0
Nicaragua,NIC,2011,19.0
Nicaragua,NIC,2012,24.0
Nicaragua,NIC,2013,27.0
Nicaragua,NIC,2014,33.0
Nicaragua,NIC,2015,37.0
Niger,NER,2000,0.0
Niger,NER,2001,0.0
Niger,NER,2002,0.0
Niger,NER,2003,0.0
Niger,NER,2004,0.0
Niger,NER,2005,2.0
Niger,NER,2006,4.0
Niger,NER,2007,6.0
Niger,NER,2008,7.0
Niger,NER,2009,17.0
Niger,NER,2010,19.0
Niger,NER,2011,25.0
Niger,NER,2012,30.0
Niger,NER,2013,33.0
Niger,NER,2014,31.0
Niger,NER,2015,35.0
Nigeria,NGA,2000,0.0
Nigeria,NGA,2001,0.0
Nigeria,NGA,2002,0.0
Nigeria,NGA,2003,1.0
Nigeria,NGA,2004,2.0
Nigeria,NGA,2005,3.0
Nigeria,NGA,2006,5.0
Nigeria,NGA,2007,5.0
Nigeria,NGA,2008,8.0
Nigeria,NGA,2009,10.0
Nigeria,NGA,2010,12.0
Nigeria,NGA,2011,14.0
Nigeria,NGA,2012,17.0
Nigeria,NGA,2013,22.0
Nigeria,NGA,2014,24.0
Nigeria,NGA,2015,27.0
Norway,NOR,2000,42.0
Norway,NOR,2001,52.0
Norway,NOR,2002,61.0
Norway,NOR,2003,68.0
Norway,NOR,2004,74.0
Norway,NOR,2005,79.0
Norway,NOR,2006,82.0
Norway,NOR,2007,85.0
Norway,NOR,2008,87.0
Norway,NOR,2009,89.0
Norway,NOR,2010,88.0
Norway,NOR,2011,87.0
Norway,NOR,2012,86.0
Norway,NOR,2013,86.0
Norway,NOR,2014,85.0
Norway,NOR,2015,85.0
Other small states,,2000,0.028954035
Other small states,,2001,0.507984614
Other small states,,2002,0.9986631020000001
Other small states,,2003,2.46880531
Other small states,,2004,5.63437089
Other small states,,2005,10.34578544
Other small states,,2006,15.381101699999999
Other small states,,2007,21.74480897
Other small states,,2008,27.60717895
Other small states,,2009,33.37761176
Other small states,,2010,40.03164497
Other small states,,2011,43.72247198
Other small states,,2012,48.49627343
Other small states,,2013,52.43114010000001
Other small states,,2014,55.87929404
Other small states,,2015,62.16901592
Pakistan,PAK,2000,0.0
Pakistan,PAK,2001,1.0
Pakistan,PAK,2002,3.0
Pakistan,PAK,2003,5.0
Pakistan,PAK,2004,4.0
Pakistan,PAK,2005,1.0
Pakistan,PAK,2006,1.0
Pakistan,PAK,2007,2.0
Pakistan,PAK,2008,2.0
Pakistan,PAK,2009,2.0
Pakistan,PAK,2010,3.0
Pakistan,PAK,2011,3.0
Pakistan,PAK,2012,4.0
Pakistan,PAK,2013,3.0
Pakistan,PAK,2014,5.0
Pakistan,PAK,2015,5.0
Panama,PAN,2000,10.0
Panama,PAN,2001,11.0
Panama,PAN,2002,13.0
Panama,PAN,2003,14.0
Panama,PAN,2004,15.0
Panama,PAN,2005,17.0
Panama,PAN,2006,19.0
Panama,PAN,2007,20.0
Panama,PAN,2008,22.0
Panama,PAN,2009,28.0
Panama,PAN,2010,29.0
Panama,PAN,2011,32.0
Panama,PAN,2012,33.0
Panama,PAN,2013,38.0
Panama,PAN,2014,39.0
Panama,PAN,2015,42.0
Papua New Guinea,PNG,2000,0.0
Papua New Guinea,PNG,2001,0.0
Papua New Guinea,PNG,2002,0.0
Papua New Guinea,PNG,2003,0.0
Papua New Guinea,PNG,2004,0.0
Papua New Guinea,PNG,2005,1.0
Papua New Guinea,PNG,2006,4.0
Papua New Guinea,PNG,2007,10.0
Papua New Guinea,PNG,2008,13.0
Papua New Guinea,PNG,2009,17.0
Papua New Guinea,PNG,2010,20.0
Papua New Guinea,PNG,2011,24.0
Papua New Guinea,PNG,2012,29.0
Papua New Guinea,PNG,2013,36.0
Papua New Guinea,PNG,2014,43.0
Papua New Guinea,PNG,2015,48.0
Paraguay,PRY,2000,0.0
Paraguay,PRY,2001,0.0
Paraguay,PRY,2002,0.0
Paraguay,PRY,2003,0.0
Paraguay,PRY,2004,0.0
Paraguay,PRY,2005,4.0
Paraguay,PRY,2006,6.0
Paraguay,PRY,2007,8.0
Paraguay,PRY,2008,11.0
Paraguay,PRY,2009,15.0
Paraguay,PRY,2010,19.0
Paraguay,PRY,2011,19.0
Paraguay,PRY,2012,21.0
Paraguay,PRY,2013,24.0
Paraguay,PRY,2014,27.0
Paraguay,PRY,2015,29.0
Peru,PER,2000,0.0
Peru,PER,2001,0.0
Peru,PER,2002,1.0
Peru,PER,2003,3.0
Peru,PER,2004,2.0
Peru,PER,2005,5.0
Peru,PER,2006,7.0
Peru,PER,2007,12.0
Peru,PER,2008,15.0
Peru,PER,2009,22.0
Peru,PER,2010,29.0
Peru,PER,2011,31.0
Peru,PER,2012,39.0
Peru,PER,2013,40.0
Peru,PER,2014,46.0
Peru,PER,2015,52.0
Philippines,PHL,2000,0.0
Philippines,PHL,2001,0.0
Philippines,PHL,2002,0.0
Philippines,PHL,2003,0.0
Philippines,PHL,2004,0.0
Philippines,PHL,2005,1.0
Philippines,PHL,2006,4.0
Philippines,PHL,2007,6.0
Philippines,PHL,2008,7.0
Philippines,PHL,2009,7.0
Philippines,PHL,2010,8.0
Philippines,PHL,2011,13.0
Philippines,PHL,2012,15.0
Philippines,PHL,2013,18.0
Philippines,PHL,2014,22.0
Philippines,PHL,2015,26.0
Portugal,PRT,2000,19.0
Portugal,PRT,2001,22.0
Portugal,PRT,2002,25.0
Portugal,PRT,2003,28.0
Portugal,PRT,2004,31.0
Portugal,PRT,2005,35.0
Portugal,PRT,2006,38.0
Portugal,PRT,2007,41.0
Portugal,PRT,2008,44.0
Portugal,PRT,2009,47.0
Portugal,PRT,2010,53.0
Portugal,PRT,2011,58.0
Portugal,PRT,2012,63.0
Portugal,PRT,2013,68.0
Portugal,PRT,2014,72.0
Portugal,PRT,2015,76.0
Pre-demographic dividend,,2000,0.0
Pre-demographic dividend,,2001,0.079634759
Pre-demographic dividend,,2002,0.20521494899999998
Pre-demographic dividend,,2003,0.615664902
Pre-demographic dividend,,2004,1.94493811
Pre-demographic dividend,,2005,3.578500685
Pre-demographic dividend,,2006,6.010911167000001
Pre-demographic dividend,,2007,9.003325327999999
Pre-demographic dividend,,2008,12.76974296
Pre-demographic dividend,,2009,15.62375021
Pre-demographic dividend,,2010,19.06683729
Pre-demographic dividend,,2011,22.50694434
Pre-demographic dividend,,2012,26.87471981
Pre-demographic dividend,,2013,32.47145222
Pre-demographic dividend,,2014,37.99489647
Pre-demographic dividend,,2015,43.578951
Qatar,QAT,2000,49.0
Qatar,QAT,2001,45.0
Qatar,QAT,2002,54.0
Qatar,QAT,2003,51.0
Qatar,QAT,2004,54.0
Qatar,QAT,2005,53.0
Qatar,QAT,2006,54.0
Qatar,QAT,2007,57.0
Qatar,QAT,2008,55.0
Qatar,QAT,2009,53.0
Qatar,QAT,2010,51.0
Qatar,QAT,2011,49.0
Qatar,QAT,2012,50.0
Qatar,QAT,2013,54.0
Qatar,QAT,2014,52.0
Qatar,QAT,2015,52.0
Romania,ROU,2000,58.0
Romania,ROU,2001,68.0
Romania,ROU,2002,74.0
Romania,ROU,2003,79.0
Romania,ROU,2004,83.0
Romania,ROU,2005,78.0
Romania,ROU,2006,74.0
Romania,ROU,2007,64.0
Romania,ROU,2008,67.0
Romania,ROU,2009,60.0
Romania,ROU,2010,57.0
Romania,ROU,2011,56.0
Romania,ROU,2012,56.0
Romania,ROU,2013,60.0
Romania,ROU,2014,63.0
Romania,ROU,2015,68.0
Russia,RUS,2000,0.0
Russia,RUS,2001,0.0
Russia,RUS,2002,1.0
Russia,RUS,2003,1.0
Russia,RUS,2004,1.0
Russia,RUS,2005,2.0
Russia,RUS,2006,5.0
Russia,RUS,2007,8.0
Russia,RUS,2008,11.0
Russia,RUS,2009,12.0
Russia,RUS,2010,13.0
Russia,RUS,2011,16.0
Russia,RUS,2012,17.0
Russia,RUS,2013,20.0
Russia,RUS,2014,23.0
Russia,RUS,2015,25.0
Rwanda,RWA,2000,0.0
Rwanda,RWA,2001,0.0
Rwanda,RWA,2002,0.0
Rwanda,RWA,2003,0.0
Rwanda,RWA,2004,3.0
Rwanda,RWA,2005,9.0
Rwanda,RWA,2006,16.0
Rwanda,RWA,2007,23.0
Rwanda,RWA,2008,31.0
Rwanda,RWA,2009,37.0
Rwanda,RWA,2010,43.0
Rwanda,RWA,2011,48.0
Rwanda,RWA,2012,55.0
Rwanda,RWA,2013,61.0
Rwanda,RWA,2014,67.0
Rwanda,RWA,2015,73.0
Senegal,SEN,2000,0.0
Senegal,SEN,2001,1.0
Senegal,SEN,2002,1.0
Senegal,SEN,2003,1.0
Senegal,SEN,2004,1.0
Senegal,SEN,2005,1.0
Senegal,SEN,2006,1.0
Senegal,SEN,2007,16.0
Senegal,SEN,2008,19.0
Senegal,SEN,2009,22.0
Senegal,SEN,2010,25.0
Senegal,SEN,2011,28.0
Senegal,SEN,2012,26.0
Senegal,SEN,2013,30.0
Senegal,SEN,2014,36.0
Senegal,SEN,2015,41.0
Serbia,SRB,2000,0.0
Serbia,SRB,2001,0.0
Serbia,SRB,2002,0.0
Serbia,SRB,2003,37.0
Serbia,SRB,2004,47.0
Serbia,SRB,2005,56.0
Serbia,SRB,2006,54.0
Serbia,SRB,2007,53.0
Serbia,SRB,2008,53.0
Serbia,SRB,2009,52.0
Serbia,SRB,2010,53.0
Serbia,SRB,2011,53.0
Serbia,SRB,2012,53.0
Serbia,SRB,2013,54.0
Serbia,SRB,2014,55.0
Serbia,SRB,2015,57.0
Sierra Leone,SLE,2000,0.0
Sierra Leone,SLE,2001,0.0
Sierra Leone,SLE,2002,0.0
Sierra Leone,SLE,2003,0.0
Sierra Leone,SLE,2004,0.0
Sierra Leone,SLE,2005,1.0
Sierra Leone,SLE,2006,2.0
Sierra Leone,SLE,2007,2.0
Sierra Leone,SLE,2008,4.0
Sierra Leone,SLE,2009,7.0
Sierra Leone,SLE,2010,10.0
Sierra Leone,SLE,2011,14.0
Sierra Leone,SLE,2012,14.0
Sierra Leone,SLE,2013,15.0
Sierra Leone,SLE,2014,18.0
Sierra Leone,SLE,2015,23.0
Singapore,SGP,2000,2.0
Singapore,SGP,2001,2.0
Singapore,SGP,2002,2.0
Singapore,SGP,2003,2.0
Singapore,SGP,2004,3.0
Singapore,SGP,2005,3.0
Singapore,SGP,2006,4.0
Singapore,SGP,2007,9.0
Singapore,SGP,2008,15.0
Singapore,SGP,2009,19.0
Singapore,SGP,2010,20.0
Singapore,SGP,2011,23.0
Singapore,SGP,2012,28.0
Singapore,SGP,2013,54.0
Singapore,SGP,2014,61.0
Singapore,SGP,2015,72.0
Slovakia,SVK,2000,13.0
Slovakia,SVK,2001,13.0
Slovakia,SVK,2002,14.0
Slovakia,SVK,2003,15.0
Slovakia,SVK,2004,43.0
Slovakia,SVK,2005,37.0
Slovakia,SVK,2006,48.0
Slovakia,SVK,2007,42.0
Slovakia,SVK,2008,37.0
Slovakia,SVK,2009,38.0
Slovakia,SVK,2010,39.0
Slovakia,SVK,2011,38.0
Slovakia,SVK,2012,43.0
Slovakia,SVK,2013,48.0
Slovakia,SVK,2014,53.0
Slovakia,SVK,2015,59.0
Slovenia,SVN,2000,23.0
Slovenia,SVN,2001,24.0
Slovenia,SVN,2002,24.0
Slovenia,SVN,2003,24.0
Slovenia,SVN,2004,25.0
Slovenia,SVN,2005,25.0
Slovenia,SVN,2006,34.0
Slovenia,SVN,2007,33.0
Slovenia,SVN,2008,30.0
Slovenia,SVN,2009,31.0
Slovenia,SVN,2010,41.0
Slovenia,SVN,2011,41.0
Slovenia,SVN,2012,42.0
Slovenia,SVN,2013,46.0
Slovenia,SVN,2014,50.0
Slovenia,SVN,2015,53.0
Small states,,2000,0.03445549
Small states,,2001,0.49765514200000005
Small states,,2002,0.99676044
Small states,,2003,2.538552443
Small states,,2004,5.655434559
Small states,,2005,10.33283418
Small states,,2006,15.256158600000001
Small states,,2007,21.42605222
Small states,,2008,27.13511912
Small states,,2009,32.8260942
Small states,,2010,39.24765974
Small states,,2011,42.89758467
Small states,,2012,47.62003246
Small states,,2013,51.49679844
Small states,,2014,54.91840833
Small states,,2015,60.98315099
Somalia,SOM,2000,0.0
Somalia,SOM,2001,0.0
Somalia,SOM,2002,0.0
Somalia,SOM,2003,0.0
Somalia,SOM,2004,0.0
Somalia,SOM,2005,0.0
Somalia,SOM,2006,1.0
Somalia,SOM,2007,1.0
Somalia,SOM,2008,2.0
Somalia,SOM,2009,3.0
Somalia,SOM,2010,6.0
Somalia,SOM,2011,8.0
Somalia,SOM,2012,10.0
Somalia,SOM,2013,13.0
Somalia,SOM,2014,15.0
Somalia,SOM,2015,19.0
South Africa,ZAF,2000,0.0
South Africa,ZAF,2001,0.0
South Africa,ZAF,2002,0.0
South Africa,ZAF,2003,1.0
South Africa,ZAF,2004,2.0
South Africa,ZAF,2005,3.0
South Africa,ZAF,2006,5.0
South Africa,ZAF,2007,8.0
South Africa,ZAF,2008,12.0
South Africa,ZAF,2009,17.0
South Africa,ZAF,2010,24.0
South Africa,ZAF,2011,32.0
South Africa,ZAF,2012,38.0
South Africa,ZAF,2013,42.0
South Africa,ZAF,2014,47.0
South Africa,ZAF,2015,52.0
South Asia,,2000,0.0
South Asia,,2001,0.00019506799999999998
South Asia,,2002,0.000775785
South Asia,,2003,0.001811057
South Asia,,2004,0.003669849
South Asia,,2005,0.99775879
South Asia,,2006,2.965001125
South Asia,,2007,4.934360088
South Asia,,2008,8.817626983
South Asia,,2009,12.66715917
South Asia,,2010,17.4547262
South Asia,,2011,22.20675158
South Asia,,2012,26.93926959
South Asia,,2013,33.36202564
South Asia,,2014,37.12463965
South Asia,,2015,40.80305782
South Asia (IDA & IBRD),,2000,0.0
South Asia (IDA & IBRD),,2001,0.00019506799999999998
South Asia (IDA & IBRD),,2002,0.000775785
South Asia (IDA & IBRD),,2003,0.001811057
South Asia (IDA & IBRD),,2004,0.003669849
South Asia (IDA & IBRD),,2005,0.99775879
South Asia (IDA & IBRD),,2006,2.965001125
South Asia (IDA & IBRD),,2007,4.934360088
South Asia (IDA & IBRD),,2008,8.817626983
South Asia (IDA & IBRD),,2009,12.66715917
South Asia (IDA & IBRD),,2010,17.4547262
South Asia (IDA & IBRD),,2011,22.20675158
South Asia (IDA & IBRD),,2012,26.93926959
South Asia (IDA & IBRD),,2013,33.36202564
South Asia (IDA & IBRD),,2014,37.12463965
South Asia (IDA & IBRD),,2015,40.80305782
South Sudan,SSD,2000,0.0
South Sudan,SSD,2001,0.0
South Sudan,SSD,2002,0.0
South Sudan,SSD,2003,0.0
South Sudan,SSD,2004,0.0
South Sudan,SSD,2005,0.0
South Sudan,SSD,2006,0.0
South Sudan,SSD,2007,0.0
South Sudan,SSD,2008,0.0
South Sudan,SSD,2009,1.0
South Sudan,SSD,2010,1.0
South Sudan,SSD,2011,2.0
South Sudan,SSD,2012,3.0
South Sudan,SSD,2013,4.0
South Sudan,SSD,2014,7.0
South Sudan,SSD,2015,11.0
Spain,ESP,2000,30.0
Spain,ESP,2001,34.0
Spain,ESP,2002,38.0
Spain,ESP,2003,42.0
Spain,ESP,2004,46.0
Spain,ESP,2005,49.0
Spain,ESP,2006,52.0
Spain,ESP,2007,55.0
Spain,ESP,2008,58.0
Spain,ESP,2009,61.0
Spain,ESP,2010,65.0
Spain,ESP,2011,66.0
Spain,ESP,2012,69.0
Spain,ESP,2013,71.0
Spain,ESP,2014,72.0
Spain,ESP,2015,75.0
Sri Lanka,LKA,2000,0.0
Sri Lanka,LKA,2001,0.0
Sri Lanka,LKA,2002,0.0
Sri Lanka,LKA,2003,0.0
Sri Lanka,LKA,2004,0.0
Sri Lanka,LKA,2005,1.0
Sri Lanka,LKA,2006,2.0
Sri Lanka,LKA,2007,3.0
Sri Lanka,LKA,2008,3.0
Sri Lanka,LKA,2009,5.0
Sri Lanka,LKA,2010,6.0
Sri Lanka,LKA,2011,8.0
Sri Lanka,LKA,2012,10.0
Sri Lanka,LKA,2013,13.0
Sri Lanka,LKA,2014,17.0
Sri Lanka,LKA,2015,22.0
Sub-Saharan Africa,,2000,0.0
Sub-Saharan Africa,,2001,0.069098704
Sub-Saharan Africa,,2002,0.167083688
Sub-Saharan Africa,,2003,0.6874597920000001
Sub-Saharan Africa,,2004,2.0126723109999998
Sub-Saharan Africa,,2005,3.597683852
Sub-Saharan Africa,,2006,6.166575166
Sub-Saharan Africa,,2007,9.437936795
Sub-Saharan Africa,,2008,13.4877313
Sub-Saharan Africa,,2009,17.35077498
Sub-Saharan Africa,,2010,22.46183394
Sub-Saharan Africa,,2011,27.64531595
Sub-Saharan Africa,,2012,32.54533572
Sub-Saharan Africa,,2013,37.74744486
Sub-Saharan Africa,,2014,43.21070029
Sub-Saharan Africa,,2015,48.63740352
Sub-Saharan Africa (IDA & IBRD),,2000,0.0
Sub-Saharan Africa (IDA & IBRD),,2001,0.069098704
Sub-Saharan Africa (IDA & IBRD),,2002,0.167083688
Sub-Saharan Africa (IDA & IBRD),,2003,0.6874597920000001
Sub-Saharan Africa (IDA & IBRD),,2004,2.0126723109999998
Sub-Saharan Africa (IDA & IBRD),,2005,3.597683852
Sub-Saharan Africa (IDA & IBRD),,2006,6.166575166
Sub-Saharan Africa (IDA & IBRD),,2007,9.437936795
Sub-Saharan Africa (IDA & IBRD),,2008,13.4877313
Sub-Saharan Africa (IDA & IBRD),,2009,17.35077498
Sub-Saharan Africa (IDA & IBRD),,2010,22.46183394
Sub-Saharan Africa (IDA & IBRD),,2011,27.64531595
Sub-Saharan Africa (IDA & IBRD),,2012,32.54533572
Sub-Saharan Africa (IDA & IBRD),,2013,37.74744486
Sub-Saharan Africa (IDA & IBRD),,2014,43.21070029
Sub-Saharan Africa (IDA & IBRD),,2015,48.63740352
Sub-Saharan Africa (excluding high income),,2000,0.0
Sub-Saharan Africa (excluding high income),,2001,0.069098704
Sub-Saharan Africa (excluding high income),,2002,0.167083688
Sub-Saharan Africa (excluding high income),,2003,0.6874597920000001
Sub-Saharan Africa (excluding high income),,2004,2.0126723109999998
Sub-Saharan Africa (excluding high income),,2005,3.597683852
Sub-Saharan Africa (excluding high income),,2006,6.166575166
Sub-Saharan Africa (excluding high income),,2007,9.437936795
Sub-Saharan Africa (excluding high income),,2008,13.4877313
Sub-Saharan Africa (excluding high income),,2009,17.35077498
Sub-Saharan Africa (excluding high income),,2010,22.46183394
Sub-Saharan Africa (excluding high income),,2011,27.64531595
Sub-Saharan Africa (excluding high income),,2012,32.54533572
Sub-Saharan Africa (excluding high income),,2013,37.74744486
Sub-Saharan Africa (excluding high income),,2014,43.21070029
Sub-Saharan Africa (excluding high income),,2015,48.63740352
Sudan,SDN,2000,0.0
Sudan,SDN,2001,0.0
Sudan,SDN,2002,0.0
Sudan,SDN,2003,0.0
Sudan,SDN,2004,0.0
Sudan,SDN,2005,0.0
Sudan,SDN,2006,0.0
Sudan,SDN,2007,0.0
Sudan,SDN,2008,3.0
Sudan,SDN,2009,6.0
Sudan,SDN,2010,6.0
Sudan,SDN,2011,6.0
Sudan,SDN,2012,6.0
Sudan,SDN,2013,8.0
Sudan,SDN,2014,9.0
Sudan,SDN,2015,9.0
Suriname,SUR,2000,0.0
Suriname,SUR,2001,0.0
Suriname,SUR,2002,1.0
Suriname,SUR,2003,4.0
Suriname,SUR,2004,6.0
Suriname,SUR,2005,9.0
Suriname,SUR,2006,13.0
Suriname,SUR,2007,18.0
Suriname,SUR,2008,23.0
Suriname,SUR,2009,26.0
Suriname,SUR,2010,29.0
Suriname,SUR,2011,33.0
Suriname,SUR,2012,35.0
Suriname,SUR,2013,34.0
Suriname,SUR,2014,38.0
Suriname,SUR,2015,40.0
Swaziland,SWZ,2000,0.0
Swaziland,SWZ,2001,1.0
Swaziland,SWZ,2002,2.0
Swaziland,SWZ,2003,3.0
Swaziland,SWZ,2004,4.0
Swaziland,SWZ,2005,8.0
Swaziland,SWZ,2006,13.0
Swaziland,SWZ,2007,17.0
Swaziland,SWZ,2008,22.0
Swaziland,SWZ,2009,27.0
Swaziland,SWZ,2010,37.0
Swaziland,SWZ,2011,40.0
Swaziland,SWZ,2012,44.0
Swaziland,SWZ,2013,49.0
Swaziland,SWZ,2014,58.0
Swaziland,SWZ,2015,67.0
Tajikistan,TJK,2000,0.0
Tajikistan,TJK,2001,0.0
Tajikistan,TJK,2002,0.0
Tajikistan,TJK,2003,0.0
Tajikistan,TJK,2004,0.0
Tajikistan,TJK,2005,0.0
Tajikistan,TJK,2006,0.0
Tajikistan,TJK,2007,1.0
Tajikistan,TJK,2008,1.0
Tajikistan,TJK,2009,1.0
Tajikistan,TJK,2010,2.0
Tajikistan,TJK,2011,7.0
Tajikistan,TJK,2012,8.0
Tajikistan,TJK,2013,10.0
Tajikistan,TJK,2014,15.0
Tajikistan,TJK,2015,21.0
Tanzania,TZA,2000,0.0
Tanzania,TZA,2001,0.0
Tanzania,TZA,2002,0.0
Tanzania,TZA,2003,0.0
Tanzania,TZA,2004,1.0
Tanzania,TZA,2005,1.0
Tanzania,TZA,2006,5.0
Tanzania,TZA,2007,11.0
Tanzania,TZA,2008,12.0
Tanzania,TZA,2009,15.0
Tanzania,TZA,2010,19.0
Tanzania,TZA,2011,20.0
Tanzania,TZA,2012,32.0
Tanzania,TZA,2013,38.0
Tanzania,TZA,2014,47.0
Tanzania,TZA,2015,53.0
Thailand,THA,2000,0.0
Thailand,THA,2001,1.0
Thailand,THA,2002,2.0
Thailand,THA,2003,4.0
Thailand,THA,2004,9.0
Thailand,THA,2005,17.0
Thailand,THA,2006,22.0
Thailand,THA,2007,27.0
Thailand,THA,2008,32.0
Thailand,THA,2009,36.0
Thailand,THA,2010,40.0
Thailand,THA,2011,45.0
Thailand,THA,2012,48.0
Thailand,THA,2013,53.0
Thailand,THA,2014,58.0
Thailand,THA,2015,63.0
Togo,TGO,2000,0.0
Togo,TGO,2001,0.0
Togo,TGO,2002,0.0
Togo,TGO,2003,1.0
Togo,TGO,2004,2.0
Togo,TGO,2005,4.0
Togo,TGO,2006,5.0
Togo,TGO,2007,6.0
Togo,TGO,2008,9.0
Togo,TGO,2009,14.0
Togo,TGO,2010,19.0
Togo,TGO,2011,22.0
Togo,TGO,2012,25.0
Togo,TGO,2013,29.0
Togo,TGO,2014,33.0
Togo,TGO,2015,38.0
Trinidad and Tobago,TTO,2000,0.0
Trinidad and Tobago,TTO,2001,1.0
Trinidad and Tobago,TTO,2002,4.0
Trinidad and Tobago,TTO,2003,8.0
Trinidad and Tobago,TTO,2004,12.0
Trinidad and Tobago,TTO,2005,16.0
Trinidad and Tobago,TTO,2006,20.0
Trinidad and Tobago,TTO,2007,24.0
Trinidad and Tobago,TTO,2008,27.0
Trinidad and Tobago,TTO,2009,34.0
Trinidad and Tobago,TTO,2010,43.0
Trinidad and Tobago,TTO,2011,46.0
Trinidad and Tobago,TTO,2012,52.0
Trinidad and Tobago,TTO,2013,57.0
Trinidad and Tobago,TTO,2014,60.0
Trinidad and Tobago,TTO,2015,63.0
Tunisia,TUN,2000,0.0
Tunisia,TUN,2001,11.0
Tunisia,TUN,2002,14.0
Tunisia,TUN,2003,16.0
Tunisia,TUN,2004,17.0
Tunisia,TUN,2005,19.0
Tunisia,TUN,2006,18.0
Tunisia,TUN,2007,19.0
Tunisia,TUN,2008,20.0
Tunisia,TUN,2009,23.0
Tunisia,TUN,2010,24.0
Tunisia,TUN,2011,25.0
Tunisia,TUN,2012,21.0
Tunisia,TUN,2013,23.0
Tunisia,TUN,2014,26.0
Tunisia,TUN,2015,28.0
Uganda,UGA,2000,0.0
Uganda,UGA,2001,1.0
Uganda,UGA,2002,2.0
Uganda,UGA,2003,2.0
Uganda,UGA,2004,6.0
Uganda,UGA,2005,10.0
Uganda,UGA,2006,9.0
Uganda,UGA,2007,11.0
Uganda,UGA,2008,15.0
Uganda,UGA,2009,17.0
Uganda,UGA,2010,21.0
Uganda,UGA,2011,23.0
Uganda,UGA,2012,31.0
Uganda,UGA,2013,41.0
Uganda,UGA,2014,50.0
Uganda,UGA,2015,55.0
Ukraine,UKR,2000,0.0
Ukraine,UKR,2001,0.0
Ukraine,UKR,2002,0.0
Ukraine,UKR,2003,0.0
Ukraine,UKR,2004,1.0
Ukraine,UKR,2005,1.0
Ukraine,UKR,2006,2.0
Ukraine,UKR,2007,3.0
Ukraine,UKR,2008,4.0
Ukraine,UKR,2009,6.0
Ukraine,UKR,2010,9.0
Ukraine,UKR,2011,11.0
Ukraine,UKR,2012,17.0
Ukraine,UKR,2013,23.0
Ukraine,UKR,2014,27.0
Ukraine,UKR,2015,25.0
Uruguay,URY,2000,24.0
Uruguay,URY,2001,23.0
Uruguay,URY,2002,22.0
Uruguay,URY,2003,22.0
Uruguay,URY,2004,21.0
Uruguay,URY,2005,20.0
Uruguay,URY,2006,20.0
Uruguay,URY,2007,20.0
Uruguay,URY,2008,20.0
Uruguay,URY,2009,20.0
Uruguay,URY,2010,21.0
Uruguay,URY,2011,25.0
Uruguay,URY,2012,38.0
Uruguay,URY,2013,44.0
Uruguay,URY,2014,45.0
Uruguay,URY,2015,51.0
Uzbekistan,UZB,2000,0.0
Uzbekistan,UZB,2001,0.0
Uzbekistan,UZB,2002,0.0
Uzbekistan,UZB,2003,0.0
Uzbekistan,UZB,2004,0.0
Uzbekistan,UZB,2005,0.0
Uzbekistan,UZB,2006,1.0
Uzbekistan,UZB,2007,2.0
Uzbekistan,UZB,2008,3.0
Uzbekistan,UZB,2009,3.0
Uzbekistan,UZB,2010,4.0
Uzbekistan,UZB,2011,6.0
Uzbekistan,UZB,2012,9.0
Uzbekistan,UZB,2013,13.0
Uzbekistan,UZB,2014,17.0
Uzbekistan,UZB,2015,20.0
Vietnam,VNM,2000,0.0
Vietnam,VNM,2001,0.0
Vietnam,VNM,2002,0.0
Vietnam,VNM,2003,0.0
Vietnam,VNM,2004,0.0
Vietnam,VNM,2005,1.0
Vietnam,VNM,2006,4.0
Vietnam,VNM,2007,8.0
Vietnam,VNM,2008,12.0
Vietnam,VNM,2009,17.0
Vietnam,VNM,2010,21.0
Vietnam,VNM,2011,26.0
Vietnam,VNM,2012,30.0
Vietnam,VNM,2013,34.0
Vietnam,VNM,2014,37.0
Vietnam,VNM,2015,43.0
World,OWID_WRL,2000,2.0
World,OWID_WRL,2001,2.0
World,OWID_WRL,2002,3.0
World,OWID_WRL,2003,4.0
World,OWID_WRL,2004,5.0
World,OWID_WRL,2005,7.0
World,OWID_WRL,2006,9.0
World,OWID_WRL,2007,12.0
World,OWID_WRL,2008,16.0
World,OWID_WRL,2009,20.0
World,OWID_WRL,2010,25.0
World,OWID_WRL,2011,29.0
World,OWID_WRL,2012,34.0
World,OWID_WRL,2013,39.0
World,OWID_WRL,2014,43.0
World,OWID_WRL,2015,48.0
Zambia,ZMB,2000,0.0
Zambia,ZMB,2001,0.0
Zambia,ZMB,2002,0.0
Zambia,ZMB,2003,2.0
Zambia,ZMB,2004,3.0
Zambia,ZMB,2005,7.0
Zambia,ZMB,2006,10.0
Zambia,ZMB,2007,19.0
Zambia,ZMB,2008,26.0
Zambia,ZMB,2009,31.0
Zambia,ZMB,2010,37.0
Zambia,ZMB,2011,44.0
Zambia,ZMB,2012,48.0
Zambia,ZMB,2013,54.0
Zambia,ZMB,2014,61.0
Zambia,ZMB,2015,70.0
Zimbabwe,ZWE,2000,0.0
Zimbabwe,ZWE,2001,0.0
Zimbabwe,ZWE,2002,0.0
Zimbabwe,ZWE,2003,0.0
Zimbabwe,ZWE,2004,1.0
Zimbabwe,ZWE,2005,2.0
Zimbabwe,ZWE,2006,5.0
Zimbabwe,ZWE,2007,8.0
Zimbabwe,ZWE,2008,12.0
Zimbabwe,ZWE,2009,18.0
Zimbabwe,ZWE,2010,30.0
Zimbabwe,ZWE,2011,40.0
Zimbabwe,ZWE,2012,45.0
Zimbabwe,ZWE,2013,53.0
Zimbabwe,ZWE,2014,61.0
Zimbabwe,ZWE,2015,67.0
